iso3,country,region,year,hdi
AFG,Afghanistan,SA,1990,0.273
AFG,Afghanistan,SA,1991,0.279
AFG,Afghanistan,SA,1992,0.287
AFG,Afghanistan,SA,1993,0.297
AFG,Afghanistan,SA,1994,0.292
AFG,Afghanistan,SA,1995,0.31
AFG,Afghanistan,SA,1996,0.319
AFG,Afghanistan,SA,1997,0.323
AFG,Afghanistan,SA,1998,0.324
AFG,Afghanistan,SA,1999,0.332
AFG,Afghanistan,SA,2000,0.335
AFG,Afghanistan,SA,2001,0.337
AFG,Afghanistan,SA,2002,0.362
AFG,Afghanistan,SA,2003,0.376
AFG,Afghanistan,SA,2004,0.392
AFG,Afghanistan,SA,2005,0.4
AFG,Afghanistan,SA,2006,0.409
AFG,Afghanistan,SA,2007,0.424
AFG,Afghanistan,SA,2008,0.43
AFG,Afghanistan,SA,2009,0.44
AFG,Afghanistan,SA,2010,0.448
AFG,Afghanistan,SA,2011,0.456
AFG,Afghanistan,SA,2012,0.466
AFG,Afghanistan,SA,2013,0.474
AFG,Afghanistan,SA,2014,0.479
AFG,Afghanistan,SA,2015,0.478
AFG,Afghanistan,SA,2016,0.481
AFG,Afghanistan,SA,2017,0.482
AFG,Afghanistan,SA,2018,0.483
AFG,Afghanistan,SA,2019,0.488
AFG,Afghanistan,SA,2020,0.483
AFG,Afghanistan,SA,2021,0.478
AGO,Angola,SSA,1990,
AGO,Angola,SSA,1991,
AGO,Angola,SSA,1992,
AGO,Angola,SSA,1993,
AGO,Angola,SSA,1994,
AGO,Angola,SSA,1995,
AGO,Angola,SSA,1996,
AGO,Angola,SSA,1997,
AGO,Angola,SSA,1998,
AGO,Angola,SSA,1999,0.364
AGO,Angola,SSA,2000,0.375
AGO,Angola,SSA,2001,0.386
AGO,Angola,SSA,2002,0.403
AGO,Angola,SSA,2003,0.42
AGO,Angola,SSA,2004,0.433
AGO,Angola,SSA,2005,0.447
AGO,Angola,SSA,2006,0.459
AGO,Angola,SSA,2007,0.475
AGO,Angola,SSA,2008,0.486
AGO,Angola,SSA,2009,0.5
AGO,Angola,SSA,2010,0.51
AGO,Angola,SSA,2011,0.526
AGO,Angola,SSA,2012,0.541
AGO,Angola,SSA,2013,0.552
AGO,Angola,SSA,2014,0.563
AGO,Angola,SSA,2015,0.582
AGO,Angola,SSA,2016,0.596
AGO,Angola,SSA,2017,0.597
AGO,Angola,SSA,2018,0.595
AGO,Angola,SSA,2019,0.595
AGO,Angola,SSA,2020,0.59
AGO,Angola,SSA,2021,0.586
ALB,Albania,ECA,1990,0.647
ALB,Albania,ECA,1991,0.629
ALB,Albania,ECA,1992,0.614
ALB,Albania,ECA,1993,0.617
ALB,Albania,ECA,1994,0.624
ALB,Albania,ECA,1995,0.634
ALB,Albania,ECA,1996,0.645
ALB,Albania,ECA,1997,0.642
ALB,Albania,ECA,1998,0.657
ALB,Albania,ECA,1999,0.669
ALB,Albania,ECA,2000,0.677
ALB,Albania,ECA,2001,0.684
ALB,Albania,ECA,2002,0.689
ALB,Albania,ECA,2003,0.696
ALB,Albania,ECA,2004,0.7
ALB,Albania,ECA,2005,0.711
ALB,Albania,ECA,2006,0.718
ALB,Albania,ECA,2007,0.73
ALB,Albania,ECA,2008,0.736
ALB,Albania,ECA,2009,0.741
ALB,Albania,ECA,2010,0.754
ALB,Albania,ECA,2011,0.766
ALB,Albania,ECA,2012,0.778
ALB,Albania,ECA,2013,0.785
ALB,Albania,ECA,2014,0.792
ALB,Albania,ECA,2015,0.795
ALB,Albania,ECA,2016,0.798
ALB,Albania,ECA,2017,0.802
ALB,Albania,ECA,2018,0.806
ALB,Albania,ECA,2019,0.81
ALB,Albania,ECA,2020,0.794
ALB,Albania,ECA,2021,0.796
AND,Andorra,,1990,
AND,Andorra,,1991,
AND,Andorra,,1992,
AND,Andorra,,1993,
AND,Andorra,,1994,
AND,Andorra,,1995,
AND,Andorra,,1996,
AND,Andorra,,1997,
AND,Andorra,,1998,
AND,Andorra,,1999,
AND,Andorra,,2000,0.818
AND,Andorra,,2001,0.825
AND,Andorra,,2002,0.832
AND,Andorra,,2003,0.841
AND,Andorra,,2004,0.833
AND,Andorra,,2005,0.833
AND,Andorra,,2006,0.848
AND,Andorra,,2007,0.847
AND,Andorra,,2008,0.85
AND,Andorra,,2009,0.848
AND,Andorra,,2010,0.848
AND,Andorra,,2011,0.849
AND,Andorra,,2012,0.869
AND,Andorra,,2013,0.864
AND,Andorra,,2014,0.871
AND,Andorra,,2015,0.867
AND,Andorra,,2016,0.871
AND,Andorra,,2017,0.868
AND,Andorra,,2018,0.872
AND,Andorra,,2019,0.873
AND,Andorra,,2020,0.848
AND,Andorra,,2021,0.858
ARE,United Arab Emirates,AS,1990,0.728
ARE,United Arab Emirates,AS,1991,0.739
ARE,United Arab Emirates,AS,1992,0.742
ARE,United Arab Emirates,AS,1993,0.748
ARE,United Arab Emirates,AS,1994,0.755
ARE,United Arab Emirates,AS,1995,0.762
ARE,United Arab Emirates,AS,1996,0.767
ARE,United Arab Emirates,AS,1997,0.773
ARE,United Arab Emirates,AS,1998,0.779
ARE,United Arab Emirates,AS,1999,0.787
ARE,United Arab Emirates,AS,2000,0.796
ARE,United Arab Emirates,AS,2001,0.8
ARE,United Arab Emirates,AS,2002,0.804
ARE,United Arab Emirates,AS,2003,0.814
ARE,United Arab Emirates,AS,2004,0.818
ARE,United Arab Emirates,AS,2005,0.822
ARE,United Arab Emirates,AS,2006,0.827
ARE,United Arab Emirates,AS,2007,0.831
ARE,United Arab Emirates,AS,2008,0.834
ARE,United Arab Emirates,AS,2009,0.833
ARE,United Arab Emirates,AS,2010,0.835
ARE,United Arab Emirates,AS,2011,0.84
ARE,United Arab Emirates,AS,2012,0.846
ARE,United Arab Emirates,AS,2013,0.852
ARE,United Arab Emirates,AS,2014,0.859
ARE,United Arab Emirates,AS,2015,0.865
ARE,United Arab Emirates,AS,2016,0.87
ARE,United Arab Emirates,AS,2017,0.897
ARE,United Arab Emirates,AS,2018,0.909
ARE,United Arab Emirates,AS,2019,0.92
ARE,United Arab Emirates,AS,2020,0.912
ARE,United Arab Emirates,AS,2021,0.911
ARG,Argentina,LAC,1990,0.723
ARG,Argentina,LAC,1991,0.73
ARG,Argentina,LAC,1992,0.735
ARG,Argentina,LAC,1993,0.739
ARG,Argentina,LAC,1994,0.744
ARG,Argentina,LAC,1995,0.745
ARG,Argentina,LAC,1996,0.751
ARG,Argentina,LAC,1997,0.756
ARG,Argentina,LAC,1998,0.762
ARG,Argentina,LAC,1999,0.773
ARG,Argentina,LAC,2000,0.779
ARG,Argentina,LAC,2001,0.784
ARG,Argentina,LAC,2002,0.785
ARG,Argentina,LAC,2003,0.793
ARG,Argentina,LAC,2004,0.798
ARG,Argentina,LAC,2005,0.802
ARG,Argentina,LAC,2006,0.814
ARG,Argentina,LAC,2007,0.817
ARG,Argentina,LAC,2008,0.825
ARG,Argentina,LAC,2009,0.827
ARG,Argentina,LAC,2010,0.834
ARG,Argentina,LAC,2011,0.841
ARG,Argentina,LAC,2012,0.843
ARG,Argentina,LAC,2013,0.845
ARG,Argentina,LAC,2014,0.846
ARG,Argentina,LAC,2015,0.848
ARG,Argentina,LAC,2016,0.847
ARG,Argentina,LAC,2017,0.851
ARG,Argentina,LAC,2018,0.85
ARG,Argentina,LAC,2019,0.852
ARG,Argentina,LAC,2020,0.84
ARG,Argentina,LAC,2021,0.842
ARM,Armenia,ECA,1990,0.656
ARM,Armenia,ECA,1991,0.649
ARM,Armenia,ECA,1992,0.618
ARM,Armenia,ECA,1993,0.616
ARM,Armenia,ECA,1994,0.62
ARM,Armenia,ECA,1995,0.627
ARM,Armenia,ECA,1996,0.632
ARM,Armenia,ECA,1997,0.641
ARM,Armenia,ECA,1998,0.654
ARM,Armenia,ECA,1999,0.657
ARM,Armenia,ECA,2000,0.662
ARM,Armenia,ECA,2001,0.666
ARM,Armenia,ECA,2002,0.676
ARM,Armenia,ECA,2003,0.686
ARM,Armenia,ECA,2004,0.694
ARM,Armenia,ECA,2005,0.707
ARM,Armenia,ECA,2006,0.721
ARM,Armenia,ECA,2007,0.738
ARM,Armenia,ECA,2008,0.742
ARM,Armenia,ECA,2009,0.741
ARM,Armenia,ECA,2010,0.746
ARM,Armenia,ECA,2011,0.75
ARM,Armenia,ECA,2012,0.755
ARM,Armenia,ECA,2013,0.76
ARM,Armenia,ECA,2014,0.764
ARM,Armenia,ECA,2015,0.766
ARM,Armenia,ECA,2016,0.765
ARM,Armenia,ECA,2017,0.768
ARM,Armenia,ECA,2018,0.771
ARM,Armenia,ECA,2019,0.778
ARM,Armenia,ECA,2020,0.757
ARM,Armenia,ECA,2021,0.759
ATG,Antigua and Barbuda,LAC,1990,
ATG,Antigua and Barbuda,LAC,1991,
ATG,Antigua and Barbuda,LAC,1992,
ATG,Antigua and Barbuda,LAC,1993,
ATG,Antigua and Barbuda,LAC,1994,
ATG,Antigua and Barbuda,LAC,1995,
ATG,Antigua and Barbuda,LAC,1996,
ATG,Antigua and Barbuda,LAC,1997,
ATG,Antigua and Barbuda,LAC,1998,
ATG,Antigua and Barbuda,LAC,1999,
ATG,Antigua and Barbuda,LAC,2000,
ATG,Antigua and Barbuda,LAC,2001,
ATG,Antigua and Barbuda,LAC,2002,
ATG,Antigua and Barbuda,LAC,2003,
ATG,Antigua and Barbuda,LAC,2004,
ATG,Antigua and Barbuda,LAC,2005,
ATG,Antigua and Barbuda,LAC,2006,
ATG,Antigua and Barbuda,LAC,2007,0.802
ATG,Antigua and Barbuda,LAC,2008,0.801
ATG,Antigua and Barbuda,LAC,2009,0.795
ATG,Antigua and Barbuda,LAC,2010,0.79
ATG,Antigua and Barbuda,LAC,2011,0.783
ATG,Antigua and Barbuda,LAC,2012,0.787
ATG,Antigua and Barbuda,LAC,2013,0.787
ATG,Antigua and Barbuda,LAC,2014,0.789
ATG,Antigua and Barbuda,LAC,2015,0.791
ATG,Antigua and Barbuda,LAC,2016,0.794
ATG,Antigua and Barbuda,LAC,2017,0.795
ATG,Antigua and Barbuda,LAC,2018,0.798
ATG,Antigua and Barbuda,LAC,2019,0.8
ATG,Antigua and Barbuda,LAC,2020,0.788
ATG,Antigua and Barbuda,LAC,2021,0.788
AUS,Australia,,1990,0.865
AUS,Australia,,1991,0.867
AUS,Australia,,1992,0.869
AUS,Australia,,1993,0.873
AUS,Australia,,1994,0.873
AUS,Australia,,1995,0.882
AUS,Australia,,1996,0.884
AUS,Australia,,1997,0.887
AUS,Australia,,1998,0.891
AUS,Australia,,1999,0.894
AUS,Australia,,2000,0.896
AUS,Australia,,2001,0.9
AUS,Australia,,2002,0.902
AUS,Australia,,2003,0.906
AUS,Australia,,2004,0.908
AUS,Australia,,2005,0.911
AUS,Australia,,2006,0.914
AUS,Australia,,2007,0.915
AUS,Australia,,2008,0.919
AUS,Australia,,2009,0.921
AUS,Australia,,2010,0.923
AUS,Australia,,2011,0.926
AUS,Australia,,2012,0.93
AUS,Australia,,2013,0.929
AUS,Australia,,2014,0.931
AUS,Australia,,2015,0.933
AUS,Australia,,2016,0.935
AUS,Australia,,2017,0.937
AUS,Australia,,2018,0.941
AUS,Australia,,2019,0.941
AUS,Australia,,2020,0.947
AUS,Australia,,2021,0.951
AUT,Austria,,1990,0.825
AUT,Austria,,1991,0.829
AUT,Austria,,1992,0.835
AUT,Austria,,1993,0.84
AUT,Austria,,1994,0.845
AUT,Austria,,1995,0.849
AUT,Austria,,1996,0.853
AUT,Austria,,1997,0.857
AUT,Austria,,1998,0.863
AUT,Austria,,1999,0.866
AUT,Austria,,2000,0.871
AUT,Austria,,2001,0.876
AUT,Austria,,2002,0.879
AUT,Austria,,2003,0.881
AUT,Austria,,2004,0.886
AUT,Austria,,2005,0.889
AUT,Austria,,2006,0.893
AUT,Austria,,2007,0.896
AUT,Austria,,2008,0.898
AUT,Austria,,2009,0.898
AUT,Austria,,2010,0.902
AUT,Austria,,2011,0.905
AUT,Austria,,2012,0.906
AUT,Austria,,2013,0.905
AUT,Austria,,2014,0.909
AUT,Austria,,2015,0.91
AUT,Austria,,2016,0.915
AUT,Austria,,2017,0.916
AUT,Austria,,2018,0.917
AUT,Austria,,2019,0.919
AUT,Austria,,2020,0.913
AUT,Austria,,2021,0.916
AZE,Azerbaijan,ECA,1990,
AZE,Azerbaijan,ECA,1991,
AZE,Azerbaijan,ECA,1992,
AZE,Azerbaijan,ECA,1993,
AZE,Azerbaijan,ECA,1994,
AZE,Azerbaijan,ECA,1995,0.59
AZE,Azerbaijan,ECA,1996,0.59
AZE,Azerbaijan,ECA,1997,0.594
AZE,Azerbaijan,ECA,1998,0.604
AZE,Azerbaijan,ECA,1999,0.615
AZE,Azerbaijan,ECA,2000,0.622
AZE,Azerbaijan,ECA,2001,0.632
AZE,Azerbaijan,ECA,2002,0.642
AZE,Azerbaijan,ECA,2003,0.651
AZE,Azerbaijan,ECA,2004,0.659
AZE,Azerbaijan,ECA,2005,0.672
AZE,Azerbaijan,ECA,2006,0.692
AZE,Azerbaijan,ECA,2007,0.706
AZE,Azerbaijan,ECA,2008,0.716
AZE,Azerbaijan,ECA,2009,0.722
AZE,Azerbaijan,ECA,2010,0.727
AZE,Azerbaijan,ECA,2011,0.729
AZE,Azerbaijan,ECA,2012,0.734
AZE,Azerbaijan,ECA,2013,0.741
AZE,Azerbaijan,ECA,2014,0.745
AZE,Azerbaijan,ECA,2015,0.748
AZE,Azerbaijan,ECA,2016,0.75
AZE,Azerbaijan,ECA,2017,0.753
AZE,Azerbaijan,ECA,2018,0.757
AZE,Azerbaijan,ECA,2019,0.761
AZE,Azerbaijan,ECA,2020,0.73
AZE,Azerbaijan,ECA,2021,0.745
BDI,Burundi,SSA,1990,0.29
BDI,Burundi,SSA,1991,0.292
BDI,Burundi,SSA,1992,0.289
BDI,Burundi,SSA,1993,0.26
BDI,Burundi,SSA,1994,0.29
BDI,Burundi,SSA,1995,0.286
BDI,Burundi,SSA,1996,0.283
BDI,Burundi,SSA,1997,0.287
BDI,Burundi,SSA,1998,0.294
BDI,Burundi,SSA,1999,0.296
BDI,Burundi,SSA,2000,0.297
BDI,Burundi,SSA,2001,0.299
BDI,Burundi,SSA,2002,0.311
BDI,Burundi,SSA,2003,0.319
BDI,Burundi,SSA,2004,0.33
BDI,Burundi,SSA,2005,0.338
BDI,Burundi,SSA,2006,0.36
BDI,Burundi,SSA,2007,0.372
BDI,Burundi,SSA,2008,0.386
BDI,Burundi,SSA,2009,0.395
BDI,Burundi,SSA,2010,0.405
BDI,Burundi,SSA,2011,0.41
BDI,Burundi,SSA,2012,0.416
BDI,Burundi,SSA,2013,0.421
BDI,Burundi,SSA,2014,0.426
BDI,Burundi,SSA,2015,0.428
BDI,Burundi,SSA,2016,0.43
BDI,Burundi,SSA,2017,0.428
BDI,Burundi,SSA,2018,0.428
BDI,Burundi,SSA,2019,0.431
BDI,Burundi,SSA,2020,0.426
BDI,Burundi,SSA,2021,0.426
BEL,Belgium,,1990,0.816
BEL,Belgium,,1991,0.819
BEL,Belgium,,1992,0.835
BEL,Belgium,,1993,0.85
BEL,Belgium,,1994,0.858
BEL,Belgium,,1995,0.865
BEL,Belgium,,1996,0.871
BEL,Belgium,,1997,0.876
BEL,Belgium,,1998,0.878
BEL,Belgium,,1999,0.882
BEL,Belgium,,2000,0.887
BEL,Belgium,,2001,0.89
BEL,Belgium,,2002,0.892
BEL,Belgium,,2003,0.895
BEL,Belgium,,2004,0.9
BEL,Belgium,,2005,0.902
BEL,Belgium,,2006,0.905
BEL,Belgium,,2007,0.908
BEL,Belgium,,2008,0.908
BEL,Belgium,,2009,0.91
BEL,Belgium,,2010,0.912
BEL,Belgium,,2011,0.914
BEL,Belgium,,2012,0.915
BEL,Belgium,,2013,0.916
BEL,Belgium,,2014,0.921
BEL,Belgium,,2015,0.924
BEL,Belgium,,2016,0.927
BEL,Belgium,,2017,0.931
BEL,Belgium,,2018,0.933
BEL,Belgium,,2019,0.936
BEL,Belgium,,2020,0.928
BEL,Belgium,,2021,0.937
BEN,Benin,SSA,1990,0.359
BEN,Benin,SSA,1991,0.364
BEN,Benin,SSA,1992,0.369
BEN,Benin,SSA,1993,0.375
BEN,Benin,SSA,1994,0.38
BEN,Benin,SSA,1995,0.386
BEN,Benin,SSA,1996,0.391
BEN,Benin,SSA,1997,0.397
BEN,Benin,SSA,1998,0.402
BEN,Benin,SSA,1999,0.409
BEN,Benin,SSA,2000,0.416
BEN,Benin,SSA,2001,0.428
BEN,Benin,SSA,2002,0.436
BEN,Benin,SSA,2003,0.443
BEN,Benin,SSA,2004,0.45
BEN,Benin,SSA,2005,0.457
BEN,Benin,SSA,2006,0.464
BEN,Benin,SSA,2007,0.472
BEN,Benin,SSA,2008,0.48
BEN,Benin,SSA,2009,0.486
BEN,Benin,SSA,2010,0.492
BEN,Benin,SSA,2011,0.499
BEN,Benin,SSA,2012,0.509
BEN,Benin,SSA,2013,0.52
BEN,Benin,SSA,2014,0.524
BEN,Benin,SSA,2015,0.529
BEN,Benin,SSA,2016,0.53
BEN,Benin,SSA,2017,0.53
BEN,Benin,SSA,2018,0.53
BEN,Benin,SSA,2019,0.53
BEN,Benin,SSA,2020,0.524
BEN,Benin,SSA,2021,0.525
BFA,Burkina Faso,SSA,1990,
BFA,Burkina Faso,SSA,1991,
BFA,Burkina Faso,SSA,1992,
BFA,Burkina Faso,SSA,1993,
BFA,Burkina Faso,SSA,1994,
BFA,Burkina Faso,SSA,1995,
BFA,Burkina Faso,SSA,1996,
BFA,Burkina Faso,SSA,1997,
BFA,Burkina Faso,SSA,1998,
BFA,Burkina Faso,SSA,1999,0.293
BFA,Burkina Faso,SSA,2000,0.296
BFA,Burkina Faso,SSA,2001,0.299
BFA,Burkina Faso,SSA,2002,0.303
BFA,Burkina Faso,SSA,2003,0.31
BFA,Burkina Faso,SSA,2004,0.32
BFA,Burkina Faso,SSA,2005,0.331
BFA,Burkina Faso,SSA,2006,0.339
BFA,Burkina Faso,SSA,2007,0.334
BFA,Burkina Faso,SSA,2008,0.349
BFA,Burkina Faso,SSA,2009,0.36
BFA,Burkina Faso,SSA,2010,0.372
BFA,Burkina Faso,SSA,2011,0.384
BFA,Burkina Faso,SSA,2012,0.395
BFA,Burkina Faso,SSA,2013,0.402
BFA,Burkina Faso,SSA,2014,0.408
BFA,Burkina Faso,SSA,2015,0.418
BFA,Burkina Faso,SSA,2016,0.427
BFA,Burkina Faso,SSA,2017,0.438
BFA,Burkina Faso,SSA,2018,0.449
BFA,Burkina Faso,SSA,2019,0.452
BFA,Burkina Faso,SSA,2020,0.449
BFA,Burkina Faso,SSA,2021,0.449
BGD,Bangladesh,SA,1990,0.397
BGD,Bangladesh,SA,1991,0.394
BGD,Bangladesh,SA,1992,0.413
BGD,Bangladesh,SA,1993,0.42
BGD,Bangladesh,SA,1994,0.427
BGD,Bangladesh,SA,1995,0.436
BGD,Bangladesh,SA,1996,0.441
BGD,Bangladesh,SA,1997,0.453
BGD,Bangladesh,SA,1998,0.467
BGD,Bangladesh,SA,1999,0.481
BGD,Bangladesh,SA,2000,0.485
BGD,Bangladesh,SA,2001,0.492
BGD,Bangladesh,SA,2002,0.499
BGD,Bangladesh,SA,2003,0.505
BGD,Bangladesh,SA,2004,0.511
BGD,Bangladesh,SA,2005,0.518
BGD,Bangladesh,SA,2006,0.524
BGD,Bangladesh,SA,2007,0.527
BGD,Bangladesh,SA,2008,0.53
BGD,Bangladesh,SA,2009,0.541
BGD,Bangladesh,SA,2010,0.553
BGD,Bangladesh,SA,2011,0.561
BGD,Bangladesh,SA,2012,0.572
BGD,Bangladesh,SA,2013,0.574
BGD,Bangladesh,SA,2014,0.583
BGD,Bangladesh,SA,2015,0.602
BGD,Bangladesh,SA,2016,0.612
BGD,Bangladesh,SA,2017,0.622
BGD,Bangladesh,SA,2018,0.635
BGD,Bangladesh,SA,2019,0.644
BGD,Bangladesh,SA,2020,0.655
BGD,Bangladesh,SA,2021,0.661
BGR,Bulgaria,,1990,0.684
BGR,Bulgaria,,1991,0.684
BGR,Bulgaria,,1992,0.686
BGR,Bulgaria,,1993,0.689
BGR,Bulgaria,,1994,0.691
BGR,Bulgaria,,1995,0.7
BGR,Bulgaria,,1996,0.711
BGR,Bulgaria,,1997,0.706
BGR,Bulgaria,,1998,0.716
BGR,Bulgaria,,1999,0.72
BGR,Bulgaria,,2000,0.725
BGR,Bulgaria,,2001,0.734
BGR,Bulgaria,,2002,0.74
BGR,Bulgaria,,2003,0.749
BGR,Bulgaria,,2004,0.756
BGR,Bulgaria,,2005,0.762
BGR,Bulgaria,,2006,0.767
BGR,Bulgaria,,2007,0.774
BGR,Bulgaria,,2008,0.782
BGR,Bulgaria,,2009,0.785
BGR,Bulgaria,,2010,0.79
BGR,Bulgaria,,2011,0.794
BGR,Bulgaria,,2012,0.798
BGR,Bulgaria,,2013,0.805
BGR,Bulgaria,,2014,0.807
BGR,Bulgaria,,2015,0.809
BGR,Bulgaria,,2016,0.809
BGR,Bulgaria,,2017,0.808
BGR,Bulgaria,,2018,0.809
BGR,Bulgaria,,2019,0.81
BGR,Bulgaria,,2020,0.802
BGR,Bulgaria,,2021,0.795
BHR,Bahrain,AS,1990,0.742
BHR,Bahrain,AS,1991,0.743
BHR,Bahrain,AS,1992,0.749
BHR,Bahrain,AS,1993,0.761
BHR,Bahrain,AS,1994,0.764
BHR,Bahrain,AS,1995,0.772
BHR,Bahrain,AS,1996,0.778
BHR,Bahrain,AS,1997,0.78
BHR,Bahrain,AS,1998,0.785
BHR,Bahrain,AS,1999,0.789
BHR,Bahrain,AS,2000,0.798
BHR,Bahrain,AS,2001,0.804
BHR,Bahrain,AS,2002,0.804
BHR,Bahrain,AS,2003,0.806
BHR,Bahrain,AS,2004,0.804
BHR,Bahrain,AS,2005,0.803
BHR,Bahrain,AS,2006,0.804
BHR,Bahrain,AS,2007,0.807
BHR,Bahrain,AS,2008,0.808
BHR,Bahrain,AS,2009,0.806
BHR,Bahrain,AS,2010,0.808
BHR,Bahrain,AS,2011,0.809
BHR,Bahrain,AS,2012,0.817
BHR,Bahrain,AS,2013,0.824
BHR,Bahrain,AS,2014,0.83
BHR,Bahrain,AS,2015,0.858
BHR,Bahrain,AS,2016,0.865
BHR,Bahrain,AS,2017,0.869
BHR,Bahrain,AS,2018,0.879
BHR,Bahrain,AS,2019,0.882
BHR,Bahrain,AS,2020,0.877
BHR,Bahrain,AS,2021,0.875
BHS,Bahamas,LAC,1990,
BHS,Bahamas,LAC,1991,
BHS,Bahamas,LAC,1992,
BHS,Bahamas,LAC,1993,
BHS,Bahamas,LAC,1994,
BHS,Bahamas,LAC,1995,0.781
BHS,Bahamas,LAC,1996,0.787
BHS,Bahamas,LAC,1997,0.784
BHS,Bahamas,LAC,1998,0.785
BHS,Bahamas,LAC,1999,0.794
BHS,Bahamas,LAC,2000,0.799
BHS,Bahamas,LAC,2001,0.801
BHS,Bahamas,LAC,2002,0.804
BHS,Bahamas,LAC,2003,0.805
BHS,Bahamas,LAC,2004,0.807
BHS,Bahamas,LAC,2005,0.811
BHS,Bahamas,LAC,2006,0.813
BHS,Bahamas,LAC,2007,0.812
BHS,Bahamas,LAC,2008,0.812
BHS,Bahamas,LAC,2009,0.81
BHS,Bahamas,LAC,2010,0.812
BHS,Bahamas,LAC,2011,0.812
BHS,Bahamas,LAC,2012,0.815
BHS,Bahamas,LAC,2013,0.816
BHS,Bahamas,LAC,2014,0.82
BHS,Bahamas,LAC,2015,0.82
BHS,Bahamas,LAC,2016,0.823
BHS,Bahamas,LAC,2017,0.825
BHS,Bahamas,LAC,2018,0.827
BHS,Bahamas,LAC,2019,0.816
BHS,Bahamas,LAC,2020,0.815
BHS,Bahamas,LAC,2021,0.812
BIH,Bosnia and Herzegovina,ECA,1990,
BIH,Bosnia and Herzegovina,ECA,1991,
BIH,Bosnia and Herzegovina,ECA,1992,
BIH,Bosnia and Herzegovina,ECA,1993,
BIH,Bosnia and Herzegovina,ECA,1994,
BIH,Bosnia and Herzegovina,ECA,1995,
BIH,Bosnia and Herzegovina,ECA,1996,
BIH,Bosnia and Herzegovina,ECA,1997,
BIH,Bosnia and Herzegovina,ECA,1998,
BIH,Bosnia and Herzegovina,ECA,1999,
BIH,Bosnia and Herzegovina,ECA,2000,0.667
BIH,Bosnia and Herzegovina,ECA,2001,0.672
BIH,Bosnia and Herzegovina,ECA,2002,0.675
BIH,Bosnia and Herzegovina,ECA,2003,0.683
BIH,Bosnia and Herzegovina,ECA,2004,0.69
BIH,Bosnia and Herzegovina,ECA,2005,0.691
BIH,Bosnia and Herzegovina,ECA,2006,0.699
BIH,Bosnia and Herzegovina,ECA,2007,0.707
BIH,Bosnia and Herzegovina,ECA,2008,0.718
BIH,Bosnia and Herzegovina,ECA,2009,0.721
BIH,Bosnia and Herzegovina,ECA,2010,0.725
BIH,Bosnia and Herzegovina,ECA,2011,0.732
BIH,Bosnia and Herzegovina,ECA,2012,0.745
BIH,Bosnia and Herzegovina,ECA,2013,0.751
BIH,Bosnia and Herzegovina,ECA,2014,0.756
BIH,Bosnia and Herzegovina,ECA,2015,0.761
BIH,Bosnia and Herzegovina,ECA,2016,0.77
BIH,Bosnia and Herzegovina,ECA,2017,0.772
BIH,Bosnia and Herzegovina,ECA,2018,0.776
BIH,Bosnia and Herzegovina,ECA,2019,0.783
BIH,Bosnia and Herzegovina,ECA,2020,0.781
BIH,Bosnia and Herzegovina,ECA,2021,0.78
BLR,Belarus,ECA,1990,
BLR,Belarus,ECA,1991,
BLR,Belarus,ECA,1992,
BLR,Belarus,ECA,1993,
BLR,Belarus,ECA,1994,
BLR,Belarus,ECA,1995,0.679
BLR,Belarus,ECA,1996,0.686
BLR,Belarus,ECA,1997,0.692
BLR,Belarus,ECA,1998,0.697
BLR,Belarus,ECA,1999,0.701
BLR,Belarus,ECA,2000,0.712
BLR,Belarus,ECA,2001,0.716
BLR,Belarus,ECA,2002,0.721
BLR,Belarus,ECA,2003,0.73
BLR,Belarus,ECA,2004,0.742
BLR,Belarus,ECA,2005,0.75
BLR,Belarus,ECA,2006,0.762
BLR,Belarus,ECA,2007,0.773
BLR,Belarus,ECA,2008,0.783
BLR,Belarus,ECA,2009,0.785
BLR,Belarus,ECA,2010,0.79
BLR,Belarus,ECA,2011,0.797
BLR,Belarus,ECA,2012,0.806
BLR,Belarus,ECA,2013,0.808
BLR,Belarus,ECA,2014,0.812
BLR,Belarus,ECA,2015,0.812
BLR,Belarus,ECA,2016,0.813
BLR,Belarus,ECA,2017,0.817
BLR,Belarus,ECA,2018,0.818
BLR,Belarus,ECA,2019,0.817
BLR,Belarus,ECA,2020,0.807
BLR,Belarus,ECA,2021,0.808
BLZ,Belize,LAC,1990,0.593
BLZ,Belize,LAC,1991,0.6
BLZ,Belize,LAC,1992,0.608
BLZ,Belize,LAC,1993,0.614
BLZ,Belize,LAC,1994,0.618
BLZ,Belize,LAC,1995,0.62
BLZ,Belize,LAC,1996,0.623
BLZ,Belize,LAC,1997,0.625
BLZ,Belize,LAC,1998,0.626
BLZ,Belize,LAC,1999,0.633
BLZ,Belize,LAC,2000,0.64
BLZ,Belize,LAC,2001,0.643
BLZ,Belize,LAC,2002,0.652
BLZ,Belize,LAC,2003,0.66
BLZ,Belize,LAC,2004,0.667
BLZ,Belize,LAC,2005,0.664
BLZ,Belize,LAC,2006,0.68
BLZ,Belize,LAC,2007,0.685
BLZ,Belize,LAC,2008,0.693
BLZ,Belize,LAC,2009,0.701
BLZ,Belize,LAC,2010,0.707
BLZ,Belize,LAC,2011,0.709
BLZ,Belize,LAC,2012,0.713
BLZ,Belize,LAC,2013,0.712
BLZ,Belize,LAC,2014,0.709
BLZ,Belize,LAC,2015,0.708
BLZ,Belize,LAC,2016,0.712
BLZ,Belize,LAC,2017,0.707
BLZ,Belize,LAC,2018,0.706
BLZ,Belize,LAC,2019,0.705
BLZ,Belize,LAC,2020,0.69
BLZ,Belize,LAC,2021,0.683
BOL,Bolivia (Plurinational State of),LAC,1990,0.55
BOL,Bolivia (Plurinational State of),LAC,1991,0.56
BOL,Bolivia (Plurinational State of),LAC,1992,0.568
BOL,Bolivia (Plurinational State of),LAC,1993,0.578
BOL,Bolivia (Plurinational State of),LAC,1994,0.587
BOL,Bolivia (Plurinational State of),LAC,1995,0.598
BOL,Bolivia (Plurinational State of),LAC,1996,0.609
BOL,Bolivia (Plurinational State of),LAC,1997,0.62
BOL,Bolivia (Plurinational State of),LAC,1998,0.632
BOL,Bolivia (Plurinational State of),LAC,1999,0.631
BOL,Bolivia (Plurinational State of),LAC,2000,0.632
BOL,Bolivia (Plurinational State of),LAC,2001,0.632
BOL,Bolivia (Plurinational State of),LAC,2002,0.63
BOL,Bolivia (Plurinational State of),LAC,2003,0.627
BOL,Bolivia (Plurinational State of),LAC,2004,0.626
BOL,Bolivia (Plurinational State of),LAC,2005,0.635
BOL,Bolivia (Plurinational State of),LAC,2006,0.638
BOL,Bolivia (Plurinational State of),LAC,2007,0.645
BOL,Bolivia (Plurinational State of),LAC,2008,0.652
BOL,Bolivia (Plurinational State of),LAC,2009,0.658
BOL,Bolivia (Plurinational State of),LAC,2010,0.662
BOL,Bolivia (Plurinational State of),LAC,2011,0.668
BOL,Bolivia (Plurinational State of),LAC,2012,0.674
BOL,Bolivia (Plurinational State of),LAC,2013,0.682
BOL,Bolivia (Plurinational State of),LAC,2014,0.684
BOL,Bolivia (Plurinational State of),LAC,2015,0.69
BOL,Bolivia (Plurinational State of),LAC,2016,0.701
BOL,Bolivia (Plurinational State of),LAC,2017,0.708
BOL,Bolivia (Plurinational State of),LAC,2018,0.714
BOL,Bolivia (Plurinational State of),LAC,2019,0.717
BOL,Bolivia (Plurinational State of),LAC,2020,0.694
BOL,Bolivia (Plurinational State of),LAC,2021,0.692
BRA,Brazil,LAC,1990,0.61
BRA,Brazil,LAC,1991,0.616
BRA,Brazil,LAC,1992,0.622
BRA,Brazil,LAC,1993,0.63
BRA,Brazil,LAC,1994,0.638
BRA,Brazil,LAC,1995,0.646
BRA,Brazil,LAC,1996,0.653
BRA,Brazil,LAC,1997,0.66
BRA,Brazil,LAC,1998,0.666
BRA,Brazil,LAC,1999,0.671
BRA,Brazil,LAC,2000,0.679
BRA,Brazil,LAC,2001,0.686
BRA,Brazil,LAC,2002,0.692
BRA,Brazil,LAC,2003,0.688
BRA,Brazil,LAC,2004,0.692
BRA,Brazil,LAC,2005,0.698
BRA,Brazil,LAC,2006,0.7
BRA,Brazil,LAC,2007,0.704
BRA,Brazil,LAC,2008,0.715
BRA,Brazil,LAC,2009,0.717
BRA,Brazil,LAC,2010,0.723
BRA,Brazil,LAC,2011,0.728
BRA,Brazil,LAC,2012,0.732
BRA,Brazil,LAC,2013,0.75
BRA,Brazil,LAC,2014,0.754
BRA,Brazil,LAC,2015,0.753
BRA,Brazil,LAC,2016,0.755
BRA,Brazil,LAC,2017,0.759
BRA,Brazil,LAC,2018,0.764
BRA,Brazil,LAC,2019,0.766
BRA,Brazil,LAC,2020,0.758
BRA,Brazil,LAC,2021,0.754
BRB,Barbados,LAC,1990,0.725
BRB,Barbados,LAC,1991,0.727
BRB,Barbados,LAC,1992,0.727
BRB,Barbados,LAC,1993,0.731
BRB,Barbados,LAC,1994,0.736
BRB,Barbados,LAC,1995,0.739
BRB,Barbados,LAC,1996,0.744
BRB,Barbados,LAC,1997,0.747
BRB,Barbados,LAC,1998,0.748
BRB,Barbados,LAC,1999,0.75
BRB,Barbados,LAC,2000,0.756
BRB,Barbados,LAC,2001,0.756
BRB,Barbados,LAC,2002,0.76
BRB,Barbados,LAC,2003,0.765
BRB,Barbados,LAC,2004,0.77
BRB,Barbados,LAC,2005,0.776
BRB,Barbados,LAC,2006,0.781
BRB,Barbados,LAC,2007,0.786
BRB,Barbados,LAC,2008,0.789
BRB,Barbados,LAC,2009,0.791
BRB,Barbados,LAC,2010,0.788
BRB,Barbados,LAC,2011,0.784
BRB,Barbados,LAC,2012,0.787
BRB,Barbados,LAC,2013,0.787
BRB,Barbados,LAC,2014,0.789
BRB,Barbados,LAC,2015,0.791
BRB,Barbados,LAC,2016,0.794
BRB,Barbados,LAC,2017,0.796
BRB,Barbados,LAC,2018,0.797
BRB,Barbados,LAC,2019,0.799
BRB,Barbados,LAC,2020,0.788
BRB,Barbados,LAC,2021,0.79
BRN,Brunei Darussalam,EAP,1990,0.77
BRN,Brunei Darussalam,EAP,1991,0.775
BRN,Brunei Darussalam,EAP,1992,0.781
BRN,Brunei Darussalam,EAP,1993,0.786
BRN,Brunei Darussalam,EAP,1994,0.79
BRN,Brunei Darussalam,EAP,1995,0.795
BRN,Brunei Darussalam,EAP,1996,0.798
BRN,Brunei Darussalam,EAP,1997,0.799
BRN,Brunei Darussalam,EAP,1998,0.801
BRN,Brunei Darussalam,EAP,1999,0.807
BRN,Brunei Darussalam,EAP,2000,0.808
BRN,Brunei Darussalam,EAP,2001,0.809
BRN,Brunei Darussalam,EAP,2002,0.813
BRN,Brunei Darussalam,EAP,2003,0.818
BRN,Brunei Darussalam,EAP,2004,0.822
BRN,Brunei Darussalam,EAP,2005,0.825
BRN,Brunei Darussalam,EAP,2006,0.828
BRN,Brunei Darussalam,EAP,2007,0.827
BRN,Brunei Darussalam,EAP,2008,0.826
BRN,Brunei Darussalam,EAP,2009,0.828
BRN,Brunei Darussalam,EAP,2010,0.828
BRN,Brunei Darussalam,EAP,2011,0.832
BRN,Brunei Darussalam,EAP,2012,0.838
BRN,Brunei Darussalam,EAP,2013,0.838
BRN,Brunei Darussalam,EAP,2014,0.837
BRN,Brunei Darussalam,EAP,2015,0.836
BRN,Brunei Darussalam,EAP,2016,0.835
BRN,Brunei Darussalam,EAP,2017,0.834
BRN,Brunei Darussalam,EAP,2018,0.83
BRN,Brunei Darussalam,EAP,2019,0.83
BRN,Brunei Darussalam,EAP,2020,0.83
BRN,Brunei Darussalam,EAP,2021,0.829
BTN,Bhutan,SA,1990,
BTN,Bhutan,SA,1991,
BTN,Bhutan,SA,1992,
BTN,Bhutan,SA,1993,
BTN,Bhutan,SA,1994,
BTN,Bhutan,SA,1995,
BTN,Bhutan,SA,1996,
BTN,Bhutan,SA,1997,
BTN,Bhutan,SA,1998,
BTN,Bhutan,SA,1999,
BTN,Bhutan,SA,2000,
BTN,Bhutan,SA,2001,
BTN,Bhutan,SA,2002,
BTN,Bhutan,SA,2003,
BTN,Bhutan,SA,2004,
BTN,Bhutan,SA,2005,
BTN,Bhutan,SA,2006,
BTN,Bhutan,SA,2007,
BTN,Bhutan,SA,2008,
BTN,Bhutan,SA,2009,
BTN,Bhutan,SA,2010,0.581
BTN,Bhutan,SA,2011,0.591
BTN,Bhutan,SA,2012,0.598
BTN,Bhutan,SA,2013,0.606
BTN,Bhutan,SA,2014,0.617
BTN,Bhutan,SA,2015,0.627
BTN,Bhutan,SA,2016,0.638
BTN,Bhutan,SA,2017,0.647
BTN,Bhutan,SA,2018,0.658
BTN,Bhutan,SA,2019,0.671
BTN,Bhutan,SA,2020,0.668
BTN,Bhutan,SA,2021,0.666
BWA,Botswana,SSA,1990,0.586
BWA,Botswana,SSA,1991,0.588
BWA,Botswana,SSA,1992,0.586
BWA,Botswana,SSA,1993,0.588
BWA,Botswana,SSA,1994,0.578
BWA,Botswana,SSA,1995,0.583
BWA,Botswana,SSA,1996,0.583
BWA,Botswana,SSA,1997,0.586
BWA,Botswana,SSA,1998,0.586
BWA,Botswana,SSA,1999,0.587
BWA,Botswana,SSA,2000,0.585
BWA,Botswana,SSA,2001,0.586
BWA,Botswana,SSA,2002,0.583
BWA,Botswana,SSA,2003,0.59
BWA,Botswana,SSA,2004,0.595
BWA,Botswana,SSA,2005,0.604
BWA,Botswana,SSA,2006,0.618
BWA,Botswana,SSA,2007,0.632
BWA,Botswana,SSA,2008,0.642
BWA,Botswana,SSA,2009,0.647
BWA,Botswana,SSA,2010,0.66
BWA,Botswana,SSA,2011,0.669
BWA,Botswana,SSA,2012,0.674
BWA,Botswana,SSA,2013,0.687
BWA,Botswana,SSA,2014,0.696
BWA,Botswana,SSA,2015,0.702
BWA,Botswana,SSA,2016,0.713
BWA,Botswana,SSA,2017,0.722
BWA,Botswana,SSA,2018,0.716
BWA,Botswana,SSA,2019,0.717
BWA,Botswana,SSA,2020,0.713
BWA,Botswana,SSA,2021,0.693
CAF,Central African Republic,SSA,1990,0.338
CAF,Central African Republic,SSA,1991,0.333
CAF,Central African Republic,SSA,1992,0.319
CAF,Central African Republic,SSA,1993,0.319
CAF,Central African Republic,SSA,1994,0.321
CAF,Central African Republic,SSA,1995,0.323
CAF,Central African Republic,SSA,1996,0.319
CAF,Central African Republic,SSA,1997,0.322
CAF,Central African Republic,SSA,1998,0.325
CAF,Central African Republic,SSA,1999,0.329
CAF,Central African Republic,SSA,2000,0.329
CAF,Central African Republic,SSA,2001,0.332
CAF,Central African Republic,SSA,2002,0.333
CAF,Central African Republic,SSA,2003,0.333
CAF,Central African Republic,SSA,2004,0.337
CAF,Central African Republic,SSA,2005,0.342
CAF,Central African Republic,SSA,2006,0.345
CAF,Central African Republic,SSA,2007,0.351
CAF,Central African Republic,SSA,2008,0.358
CAF,Central African Republic,SSA,2009,0.364
CAF,Central African Republic,SSA,2010,0.372
CAF,Central African Republic,SSA,2011,0.381
CAF,Central African Republic,SSA,2012,0.388
CAF,Central African Republic,SSA,2013,0.368
CAF,Central African Republic,SSA,2014,0.37
CAF,Central African Republic,SSA,2015,0.384
CAF,Central African Republic,SSA,2016,0.391
CAF,Central African Republic,SSA,2017,0.398
CAF,Central African Republic,SSA,2018,0.405
CAF,Central African Republic,SSA,2019,0.411
CAF,Central African Republic,SSA,2020,0.407
CAF,Central African Republic,SSA,2021,0.404
CAN,Canada,,1990,0.86
CAN,Canada,,1991,0.864
CAN,Canada,,1992,0.868
CAN,Canada,,1993,0.866
CAN,Canada,,1994,0.872
CAN,Canada,,1995,0.876
CAN,Canada,,1996,0.879
CAN,Canada,,1997,0.88
CAN,Canada,,1998,0.879
CAN,Canada,,1999,0.884
CAN,Canada,,2000,0.89
CAN,Canada,,2001,0.892
CAN,Canada,,2002,0.894
CAN,Canada,,2003,0.897
CAN,Canada,,2004,0.901
CAN,Canada,,2005,0.903
CAN,Canada,,2006,0.907
CAN,Canada,,2007,0.908
CAN,Canada,,2008,0.91
CAN,Canada,,2009,0.909
CAN,Canada,,2010,0.911
CAN,Canada,,2011,0.915
CAN,Canada,,2012,0.921
CAN,Canada,,2013,0.923
CAN,Canada,,2014,0.925
CAN,Canada,,2015,0.926
CAN,Canada,,2016,0.928
CAN,Canada,,2017,0.931
CAN,Canada,,2018,0.933
CAN,Canada,,2019,0.937
CAN,Canada,,2020,0.931
CAN,Canada,,2021,0.936
CHE,Switzerland,,1990,0.851
CHE,Switzerland,,1991,0.853
CHE,Switzerland,,1992,0.856
CHE,Switzerland,,1993,0.861
CHE,Switzerland,,1994,0.863
CHE,Switzerland,,1995,0.865
CHE,Switzerland,,1996,0.87
CHE,Switzerland,,1997,0.875
CHE,Switzerland,,1998,0.88
CHE,Switzerland,,1999,0.884
CHE,Switzerland,,2000,0.887
CHE,Switzerland,,2001,0.89
CHE,Switzerland,,2002,0.89
CHE,Switzerland,,2003,0.895
CHE,Switzerland,,2004,0.901
CHE,Switzerland,,2005,0.905
CHE,Switzerland,,2006,0.914
CHE,Switzerland,,2007,0.92
CHE,Switzerland,,2008,0.926
CHE,Switzerland,,2009,0.936
CHE,Switzerland,,2010,0.942
CHE,Switzerland,,2011,0.943
CHE,Switzerland,,2012,0.945
CHE,Switzerland,,2013,0.948
CHE,Switzerland,,2014,0.952
CHE,Switzerland,,2015,0.954
CHE,Switzerland,,2016,0.956
CHE,Switzerland,,2017,0.957
CHE,Switzerland,,2018,0.959
CHE,Switzerland,,2019,0.962
CHE,Switzerland,,2020,0.956
CHE,Switzerland,,2021,0.962
CHL,Chile,LAC,1990,0.706
CHL,Chile,LAC,1991,0.715
CHL,Chile,LAC,1992,0.723
CHL,Chile,LAC,1993,0.716
CHL,Chile,LAC,1994,0.722
CHL,Chile,LAC,1995,0.728
CHL,Chile,LAC,1996,0.735
CHL,Chile,LAC,1997,0.744
CHL,Chile,LAC,1998,0.749
CHL,Chile,LAC,1999,0.755
CHL,Chile,LAC,2000,0.763
CHL,Chile,LAC,2001,0.768
CHL,Chile,LAC,2002,0.775
CHL,Chile,LAC,2003,0.779
CHL,Chile,LAC,2004,0.787
CHL,Chile,LAC,2005,0.795
CHL,Chile,LAC,2006,0.796
CHL,Chile,LAC,2007,0.801
CHL,Chile,LAC,2008,0.813
CHL,Chile,LAC,2009,0.811
CHL,Chile,LAC,2010,0.813
CHL,Chile,LAC,2011,0.817
CHL,Chile,LAC,2012,0.824
CHL,Chile,LAC,2013,0.836
CHL,Chile,LAC,2014,0.841
CHL,Chile,LAC,2015,0.846
CHL,Chile,LAC,2016,0.85
CHL,Chile,LAC,2017,0.853
CHL,Chile,LAC,2018,0.856
CHL,Chile,LAC,2019,0.861
CHL,Chile,LAC,2020,0.852
CHL,Chile,LAC,2021,0.855
CHN,China,EAP,1990,0.484
CHN,China,EAP,1991,0.492
CHN,China,EAP,1992,0.504
CHN,China,EAP,1993,0.515
CHN,China,EAP,1994,0.525
CHN,China,EAP,1995,0.535
CHN,China,EAP,1996,0.545
CHN,China,EAP,1997,0.554
CHN,China,EAP,1998,0.564
CHN,China,EAP,1999,0.573
CHN,China,EAP,2000,0.584
CHN,China,EAP,2001,0.593
CHN,China,EAP,2002,0.604
CHN,China,EAP,2003,0.615
CHN,China,EAP,2004,0.626
CHN,China,EAP,2005,0.638
CHN,China,EAP,2006,0.65
CHN,China,EAP,2007,0.663
CHN,China,EAP,2008,0.672
CHN,China,EAP,2009,0.682
CHN,China,EAP,2010,0.691
CHN,China,EAP,2011,0.7
CHN,China,EAP,2012,0.709
CHN,China,EAP,2013,0.717
CHN,China,EAP,2014,0.725
CHN,China,EAP,2015,0.733
CHN,China,EAP,2016,0.74
CHN,China,EAP,2017,0.747
CHN,China,EAP,2018,0.755
CHN,China,EAP,2019,0.762
CHN,China,EAP,2020,0.764
CHN,China,EAP,2021,0.768
CIV,Côte d'Ivoire,SSA,1990,0.427
CIV,Côte d'Ivoire,SSA,1991,0.428
CIV,Côte d'Ivoire,SSA,1992,0.43
CIV,Côte d'Ivoire,SSA,1993,0.433
CIV,Côte d'Ivoire,SSA,1994,0.436
CIV,Côte d'Ivoire,SSA,1995,0.442
CIV,Côte d'Ivoire,SSA,1996,0.448
CIV,Côte d'Ivoire,SSA,1997,0.456
CIV,Côte d'Ivoire,SSA,1998,0.461
CIV,Côte d'Ivoire,SSA,1999,0.459
CIV,Côte d'Ivoire,SSA,2000,0.457
CIV,Côte d'Ivoire,SSA,2001,0.456
CIV,Côte d'Ivoire,SSA,2002,0.454
CIV,Côte d'Ivoire,SSA,2003,0.453
CIV,Côte d'Ivoire,SSA,2004,0.455
CIV,Côte d'Ivoire,SSA,2005,0.456
CIV,Côte d'Ivoire,SSA,2006,0.458
CIV,Côte d'Ivoire,SSA,2007,0.461
CIV,Côte d'Ivoire,SSA,2008,0.464
CIV,Côte d'Ivoire,SSA,2009,0.469
CIV,Côte d'Ivoire,SSA,2010,0.473
CIV,Côte d'Ivoire,SSA,2011,0.472
CIV,Côte d'Ivoire,SSA,2012,0.477
CIV,Côte d'Ivoire,SSA,2013,0.483
CIV,Côte d'Ivoire,SSA,2014,0.502
CIV,Côte d'Ivoire,SSA,2015,0.513
CIV,Côte d'Ivoire,SSA,2016,0.524
CIV,Côte d'Ivoire,SSA,2017,0.534
CIV,Côte d'Ivoire,SSA,2018,0.542
CIV,Côte d'Ivoire,SSA,2019,0.55
CIV,Côte d'Ivoire,SSA,2020,0.551
CIV,Côte d'Ivoire,SSA,2021,0.55
CMR,Cameroon,SSA,1990,0.452
CMR,Cameroon,SSA,1991,0.449
CMR,Cameroon,SSA,1992,0.446
CMR,Cameroon,SSA,1993,0.439
CMR,Cameroon,SSA,1994,0.436
CMR,Cameroon,SSA,1995,0.435
CMR,Cameroon,SSA,1996,0.434
CMR,Cameroon,SSA,1997,0.435
CMR,Cameroon,SSA,1998,0.436
CMR,Cameroon,SSA,1999,0.437
CMR,Cameroon,SSA,2000,0.442
CMR,Cameroon,SSA,2001,0.46
CMR,Cameroon,SSA,2002,0.461
CMR,Cameroon,SSA,2003,0.468
CMR,Cameroon,SSA,2004,0.474
CMR,Cameroon,SSA,2005,0.475
CMR,Cameroon,SSA,2006,0.477
CMR,Cameroon,SSA,2007,0.489
CMR,Cameroon,SSA,2008,0.497
CMR,Cameroon,SSA,2009,0.506
CMR,Cameroon,SSA,2010,0.513
CMR,Cameroon,SSA,2011,0.521
CMR,Cameroon,SSA,2012,0.533
CMR,Cameroon,SSA,2013,0.542
CMR,Cameroon,SSA,2014,0.551
CMR,Cameroon,SSA,2015,0.56
CMR,Cameroon,SSA,2016,0.564
CMR,Cameroon,SSA,2017,0.571
CMR,Cameroon,SSA,2018,0.577
CMR,Cameroon,SSA,2019,0.583
CMR,Cameroon,SSA,2020,0.578
CMR,Cameroon,SSA,2021,0.576
COD,Congo (Democratic Republic of the),SSA,1990,0.386
COD,Congo (Democratic Republic of the),SSA,1991,0.384
COD,Congo (Democratic Republic of the),SSA,1992,0.38
COD,Congo (Democratic Republic of the),SSA,1993,0.375
COD,Congo (Democratic Republic of the),SSA,1994,0.371
COD,Congo (Democratic Republic of the),SSA,1995,0.373
COD,Congo (Democratic Republic of the),SSA,1996,0.372
COD,Congo (Democratic Republic of the),SSA,1997,0.374
COD,Congo (Democratic Republic of the),SSA,1998,0.371
COD,Congo (Democratic Republic of the),SSA,1999,0.368
COD,Congo (Democratic Republic of the),SSA,2000,0.376
COD,Congo (Democratic Republic of the),SSA,2001,0.374
COD,Congo (Democratic Republic of the),SSA,2002,0.378
COD,Congo (Democratic Republic of the),SSA,2003,0.384
COD,Congo (Democratic Republic of the),SSA,2004,0.39
COD,Congo (Democratic Republic of the),SSA,2005,0.395
COD,Congo (Democratic Republic of the),SSA,2006,0.401
COD,Congo (Democratic Republic of the),SSA,2007,0.406
COD,Congo (Democratic Republic of the),SSA,2008,0.416
COD,Congo (Democratic Republic of the),SSA,2009,0.421
COD,Congo (Democratic Republic of the),SSA,2010,0.429
COD,Congo (Democratic Republic of the),SSA,2011,0.438
COD,Congo (Democratic Republic of the),SSA,2012,0.44
COD,Congo (Democratic Republic of the),SSA,2013,0.446
COD,Congo (Democratic Republic of the),SSA,2014,0.455
COD,Congo (Democratic Republic of the),SSA,2015,0.463
COD,Congo (Democratic Republic of the),SSA,2016,0.472
COD,Congo (Democratic Republic of the),SSA,2017,0.475
COD,Congo (Democratic Republic of the),SSA,2018,0.48
COD,Congo (Democratic Republic of the),SSA,2019,0.482
COD,Congo (Democratic Republic of the),SSA,2020,0.479
COD,Congo (Democratic Republic of the),SSA,2021,0.479
COG,Congo,SSA,1990,0.522
COG,Congo,SSA,1991,0.519
COG,Congo,SSA,1992,0.518
COG,Congo,SSA,1993,0.512
COG,Congo,SSA,1994,0.507
COG,Congo,SSA,1995,0.497
COG,Congo,SSA,1996,0.496
COG,Congo,SSA,1997,0.466
COG,Congo,SSA,1998,0.489
COG,Congo,SSA,1999,0.49
COG,Congo,SSA,2000,0.491
COG,Congo,SSA,2001,0.497
COG,Congo,SSA,2002,0.5
COG,Congo,SSA,2003,0.5
COG,Congo,SSA,2004,0.505
COG,Congo,SSA,2005,0.519
COG,Congo,SSA,2006,0.532
COG,Congo,SSA,2007,0.533
COG,Congo,SSA,2008,0.541
COG,Congo,SSA,2009,0.554
COG,Congo,SSA,2010,0.561
COG,Congo,SSA,2011,0.564
COG,Congo,SSA,2012,0.575
COG,Congo,SSA,2013,0.58
COG,Congo,SSA,2014,0.589
COG,Congo,SSA,2015,0.59
COG,Congo,SSA,2016,0.586
COG,Congo,SSA,2017,0.58
COG,Congo,SSA,2018,0.578
COG,Congo,SSA,2019,0.57
COG,Congo,SSA,2020,0.574
COG,Congo,SSA,2021,0.571
COL,Colombia,LAC,1990,0.61
COL,Colombia,LAC,1991,0.619
COL,Colombia,LAC,1992,0.628
COL,Colombia,LAC,1993,0.635
COL,Colombia,LAC,1994,0.64
COL,Colombia,LAC,1995,0.645
COL,Colombia,LAC,1996,0.653
COL,Colombia,LAC,1997,0.66
COL,Colombia,LAC,1998,0.665
COL,Colombia,LAC,1999,0.663
COL,Colombia,LAC,2000,0.666
COL,Colombia,LAC,2001,0.667
COL,Colombia,LAC,2002,0.67
COL,Colombia,LAC,2003,0.677
COL,Colombia,LAC,2004,0.683
COL,Colombia,LAC,2005,0.696
COL,Colombia,LAC,2006,0.698
COL,Colombia,LAC,2007,0.71
COL,Colombia,LAC,2008,0.716
COL,Colombia,LAC,2009,0.722
COL,Colombia,LAC,2010,0.726
COL,Colombia,LAC,2011,0.733
COL,Colombia,LAC,2012,0.734
COL,Colombia,LAC,2013,0.746
COL,Colombia,LAC,2014,0.75
COL,Colombia,LAC,2015,0.754
COL,Colombia,LAC,2016,0.759
COL,Colombia,LAC,2017,0.761
COL,Colombia,LAC,2018,0.763
COL,Colombia,LAC,2019,0.768
COL,Colombia,LAC,2020,0.756
COL,Colombia,LAC,2021,0.752
COM,Comoros,SSA,1990,
COM,Comoros,SSA,1991,
COM,Comoros,SSA,1992,
COM,Comoros,SSA,1993,
COM,Comoros,SSA,1994,
COM,Comoros,SSA,1995,
COM,Comoros,SSA,1996,
COM,Comoros,SSA,1997,
COM,Comoros,SSA,1998,
COM,Comoros,SSA,1999,
COM,Comoros,SSA,2000,0.464
COM,Comoros,SSA,2001,0.47
COM,Comoros,SSA,2002,0.474
COM,Comoros,SSA,2003,0.479
COM,Comoros,SSA,2004,0.482
COM,Comoros,SSA,2005,0.488
COM,Comoros,SSA,2006,0.494
COM,Comoros,SSA,2007,0.5
COM,Comoros,SSA,2008,0.507
COM,Comoros,SSA,2009,0.513
COM,Comoros,SSA,2010,0.52
COM,Comoros,SSA,2011,0.527
COM,Comoros,SSA,2012,0.533
COM,Comoros,SSA,2013,0.539
COM,Comoros,SSA,2014,0.54
COM,Comoros,SSA,2015,0.544
COM,Comoros,SSA,2016,0.548
COM,Comoros,SSA,2017,0.553
COM,Comoros,SSA,2018,0.557
COM,Comoros,SSA,2019,0.56
COM,Comoros,SSA,2020,0.562
COM,Comoros,SSA,2021,0.558
CPV,Cabo Verde,SSA,1990,
CPV,Cabo Verde,SSA,1991,
CPV,Cabo Verde,SSA,1992,
CPV,Cabo Verde,SSA,1993,
CPV,Cabo Verde,SSA,1994,
CPV,Cabo Verde,SSA,1995,
CPV,Cabo Verde,SSA,1996,
CPV,Cabo Verde,SSA,1997,
CPV,Cabo Verde,SSA,1998,
CPV,Cabo Verde,SSA,1999,
CPV,Cabo Verde,SSA,2000,0.569
CPV,Cabo Verde,SSA,2001,0.576
CPV,Cabo Verde,SSA,2002,0.587
CPV,Cabo Verde,SSA,2003,0.593
CPV,Cabo Verde,SSA,2004,0.597
CPV,Cabo Verde,SSA,2005,0.606
CPV,Cabo Verde,SSA,2006,0.62
CPV,Cabo Verde,SSA,2007,0.629
CPV,Cabo Verde,SSA,2008,0.635
CPV,Cabo Verde,SSA,2009,0.639
CPV,Cabo Verde,SSA,2010,0.644
CPV,Cabo Verde,SSA,2011,0.653
CPV,Cabo Verde,SSA,2012,0.656
CPV,Cabo Verde,SSA,2013,0.666
CPV,Cabo Verde,SSA,2014,0.667
CPV,Cabo Verde,SSA,2015,0.663
CPV,Cabo Verde,SSA,2016,0.67
CPV,Cabo Verde,SSA,2017,0.675
CPV,Cabo Verde,SSA,2018,0.673
CPV,Cabo Verde,SSA,2019,0.676
CPV,Cabo Verde,SSA,2020,0.662
CPV,Cabo Verde,SSA,2021,0.662
CRI,Costa Rica,LAC,1990,0.66
CRI,Costa Rica,LAC,1991,0.663
CRI,Costa Rica,LAC,1992,0.674
CRI,Costa Rica,LAC,1993,0.682
CRI,Costa Rica,LAC,1994,0.685
CRI,Costa Rica,LAC,1995,0.691
CRI,Costa Rica,LAC,1996,0.693
CRI,Costa Rica,LAC,1997,0.7
CRI,Costa Rica,LAC,1998,0.705
CRI,Costa Rica,LAC,1999,0.708
CRI,Costa Rica,LAC,2000,0.71
CRI,Costa Rica,LAC,2001,0.715
CRI,Costa Rica,LAC,2002,0.722
CRI,Costa Rica,LAC,2003,0.727
CRI,Costa Rica,LAC,2004,0.732
CRI,Costa Rica,LAC,2005,0.74
CRI,Costa Rica,LAC,2006,0.747
CRI,Costa Rica,LAC,2007,0.756
CRI,Costa Rica,LAC,2008,0.765
CRI,Costa Rica,LAC,2009,0.769
CRI,Costa Rica,LAC,2010,0.772
CRI,Costa Rica,LAC,2011,0.782
CRI,Costa Rica,LAC,2012,0.786
CRI,Costa Rica,LAC,2013,0.792
CRI,Costa Rica,LAC,2014,0.796
CRI,Costa Rica,LAC,2015,0.798
CRI,Costa Rica,LAC,2016,0.803
CRI,Costa Rica,LAC,2017,0.807
CRI,Costa Rica,LAC,2018,0.811
CRI,Costa Rica,LAC,2019,0.819
CRI,Costa Rica,LAC,2020,0.816
CRI,Costa Rica,LAC,2021,0.809
CUB,Cuba,LAC,1990,0.68
CUB,Cuba,LAC,1991,0.674
CUB,Cuba,LAC,1992,0.668
CUB,Cuba,LAC,1993,0.659
CUB,Cuba,LAC,1994,0.656
CUB,Cuba,LAC,1995,0.659
CUB,Cuba,LAC,1996,0.67
CUB,Cuba,LAC,1997,0.674
CUB,Cuba,LAC,1998,0.678
CUB,Cuba,LAC,1999,0.685
CUB,Cuba,LAC,2000,0.693
CUB,Cuba,LAC,2001,0.7
CUB,Cuba,LAC,2002,0.706
CUB,Cuba,LAC,2003,0.714
CUB,Cuba,LAC,2004,0.728
CUB,Cuba,LAC,2005,0.741
CUB,Cuba,LAC,2006,0.761
CUB,Cuba,LAC,2007,0.775
CUB,Cuba,LAC,2008,0.784
CUB,Cuba,LAC,2009,0.784
CUB,Cuba,LAC,2010,0.78
CUB,Cuba,LAC,2011,0.777
CUB,Cuba,LAC,2012,0.773
CUB,Cuba,LAC,2013,0.769
CUB,Cuba,LAC,2014,0.771
CUB,Cuba,LAC,2015,0.773
CUB,Cuba,LAC,2016,0.774
CUB,Cuba,LAC,2017,0.779
CUB,Cuba,LAC,2018,0.783
CUB,Cuba,LAC,2019,0.788
CUB,Cuba,LAC,2020,0.781
CUB,Cuba,LAC,2021,0.764
CYP,Cyprus,,1990,0.716
CYP,Cyprus,,1991,0.719
CYP,Cyprus,,1992,0.726
CYP,Cyprus,,1993,0.765
CYP,Cyprus,,1994,0.77
CYP,Cyprus,,1995,0.776
CYP,Cyprus,,1996,0.781
CYP,Cyprus,,1997,0.785
CYP,Cyprus,,1998,0.794
CYP,Cyprus,,1999,0.794
CYP,Cyprus,,2000,0.797
CYP,Cyprus,,2001,0.804
CYP,Cyprus,,2002,0.816
CYP,Cyprus,,2003,0.825
CYP,Cyprus,,2004,0.83
CYP,Cyprus,,2005,0.834
CYP,Cyprus,,2006,0.841
CYP,Cyprus,,2007,0.848
CYP,Cyprus,,2008,0.857
CYP,Cyprus,,2009,0.862
CYP,Cyprus,,2010,0.857
CYP,Cyprus,,2011,0.861
CYP,Cyprus,,2012,0.86
CYP,Cyprus,,2013,0.861
CYP,Cyprus,,2014,0.865
CYP,Cyprus,,2015,0.871
CYP,Cyprus,,2016,0.877
CYP,Cyprus,,2017,0.887
CYP,Cyprus,,2018,0.892
CYP,Cyprus,,2019,0.897
CYP,Cyprus,,2020,0.894
CYP,Cyprus,,2021,0.896
CZE,Czechia,,1990,0.742
CZE,Czechia,,1991,0.742
CZE,Czechia,,1992,0.743
CZE,Czechia,,1993,0.751
CZE,Czechia,,1994,0.762
CZE,Czechia,,1995,0.77
CZE,Czechia,,1996,0.782
CZE,Czechia,,1997,0.787
CZE,Czechia,,1998,0.792
CZE,Czechia,,1999,0.796
CZE,Czechia,,2000,0.808
CZE,Czechia,,2001,0.818
CZE,Czechia,,2002,0.825
CZE,Czechia,,2003,0.831
CZE,Czechia,,2004,0.836
CZE,Czechia,,2005,0.844
CZE,Czechia,,2006,0.852
CZE,Czechia,,2007,0.859
CZE,Czechia,,2008,0.863
CZE,Czechia,,2009,0.865
CZE,Czechia,,2010,0.87
CZE,Czechia,,2011,0.872
CZE,Czechia,,2012,0.874
CZE,Czechia,,2013,0.881
CZE,Czechia,,2014,0.887
CZE,Czechia,,2015,0.891
CZE,Czechia,,2016,0.895
CZE,Czechia,,2017,0.897
CZE,Czechia,,2018,0.894
CZE,Czechia,,2019,0.897
CZE,Czechia,,2020,0.892
CZE,Czechia,,2021,0.889
DEU,Germany,,1990,0.829
DEU,Germany,,1991,0.835
DEU,Germany,,1992,0.842
DEU,Germany,,1993,0.852
DEU,Germany,,1994,0.858
DEU,Germany,,1995,0.863
DEU,Germany,,1996,0.868
DEU,Germany,,1997,0.874
DEU,Germany,,1998,0.879
DEU,Germany,,1999,0.884
DEU,Germany,,2000,0.889
DEU,Germany,,2001,0.896
DEU,Germany,,2002,0.901
DEU,Germany,,2003,0.905
DEU,Germany,,2004,0.914
DEU,Germany,,2005,0.914
DEU,Germany,,2006,0.917
DEU,Germany,,2007,0.921
DEU,Germany,,2008,0.923
DEU,Germany,,2009,0.923
DEU,Germany,,2010,0.926
DEU,Germany,,2011,0.931
DEU,Germany,,2012,0.933
DEU,Germany,,2013,0.934
DEU,Germany,,2014,0.937
DEU,Germany,,2015,0.938
DEU,Germany,,2016,0.941
DEU,Germany,,2017,0.944
DEU,Germany,,2018,0.945
DEU,Germany,,2019,0.948
DEU,Germany,,2020,0.944
DEU,Germany,,2021,0.942
DJI,Djibouti,AS,1990,
DJI,Djibouti,AS,1991,
DJI,Djibouti,AS,1992,
DJI,Djibouti,AS,1993,
DJI,Djibouti,AS,1994,
DJI,Djibouti,AS,1995,0.351
DJI,Djibouti,AS,1996,0.35
DJI,Djibouti,AS,1997,0.353
DJI,Djibouti,AS,1998,0.355
DJI,Djibouti,AS,1999,0.36
DJI,Djibouti,AS,2000,0.361
DJI,Djibouti,AS,2001,0.371
DJI,Djibouti,AS,2002,0.378
DJI,Djibouti,AS,2003,0.388
DJI,Djibouti,AS,2004,0.396
DJI,Djibouti,AS,2005,0.405
DJI,Djibouti,AS,2006,0.416
DJI,Djibouti,AS,2007,0.426
DJI,Djibouti,AS,2008,0.434
DJI,Djibouti,AS,2009,0.445
DJI,Djibouti,AS,2010,0.458
DJI,Djibouti,AS,2011,0.47
DJI,Djibouti,AS,2012,0.478
DJI,Djibouti,AS,2013,0.483
DJI,Djibouti,AS,2014,0.488
DJI,Djibouti,AS,2015,0.493
DJI,Djibouti,AS,2016,0.496
DJI,Djibouti,AS,2017,0.499
DJI,Djibouti,AS,2018,0.506
DJI,Djibouti,AS,2019,0.512
DJI,Djibouti,AS,2020,0.51
DJI,Djibouti,AS,2021,0.509
DMA,Dominica,LAC,1990,
DMA,Dominica,LAC,1991,
DMA,Dominica,LAC,1992,
DMA,Dominica,LAC,1993,
DMA,Dominica,LAC,1994,
DMA,Dominica,LAC,1995,
DMA,Dominica,LAC,1996,
DMA,Dominica,LAC,1997,
DMA,Dominica,LAC,1998,
DMA,Dominica,LAC,1999,
DMA,Dominica,LAC,2000,0.695
DMA,Dominica,LAC,2001,0.694
DMA,Dominica,LAC,2002,0.695
DMA,Dominica,LAC,2003,0.695
DMA,Dominica,LAC,2004,0.7
DMA,Dominica,LAC,2005,0.701
DMA,Dominica,LAC,2006,0.708
DMA,Dominica,LAC,2007,0.707
DMA,Dominica,LAC,2008,0.717
DMA,Dominica,LAC,2009,0.713
DMA,Dominica,LAC,2010,0.711
DMA,Dominica,LAC,2011,0.702
DMA,Dominica,LAC,2012,0.706
DMA,Dominica,LAC,2013,0.699
DMA,Dominica,LAC,2014,0.705
DMA,Dominica,LAC,2015,0.7
DMA,Dominica,LAC,2016,0.709
DMA,Dominica,LAC,2017,0.692
DMA,Dominica,LAC,2018,0.726
DMA,Dominica,LAC,2019,0.729
DMA,Dominica,LAC,2020,0.722
DMA,Dominica,LAC,2021,0.72
DNK,Denmark,,1990,0.834
DNK,Denmark,,1991,0.838
DNK,Denmark,,1992,0.841
DNK,Denmark,,1993,0.844
DNK,Denmark,,1994,0.851
DNK,Denmark,,1995,0.854
DNK,Denmark,,1996,0.862
DNK,Denmark,,1997,0.869
DNK,Denmark,,1998,0.876
DNK,Denmark,,1999,0.886
DNK,Denmark,,2000,0.889
DNK,Denmark,,2001,0.895
DNK,Denmark,,2002,0.896
DNK,Denmark,,2003,0.901
DNK,Denmark,,2004,0.906
DNK,Denmark,,2005,0.911
DNK,Denmark,,2006,0.91
DNK,Denmark,,2007,0.911
DNK,Denmark,,2008,0.915
DNK,Denmark,,2009,0.909
DNK,Denmark,,2010,0.913
DNK,Denmark,,2011,0.926
DNK,Denmark,,2012,0.931
DNK,Denmark,,2013,0.933
DNK,Denmark,,2014,0.932
DNK,Denmark,,2015,0.936
DNK,Denmark,,2016,0.943
DNK,Denmark,,2017,0.944
DNK,Denmark,,2018,0.942
DNK,Denmark,,2019,0.946
DNK,Denmark,,2020,0.947
DNK,Denmark,,2021,0.948
DOM,Dominican Republic,LAC,1990,0.577
DOM,Dominican Republic,LAC,1991,0.583
DOM,Dominican Republic,LAC,1992,0.593
DOM,Dominican Republic,LAC,1993,0.6
DOM,Dominican Republic,LAC,1994,0.607
DOM,Dominican Republic,LAC,1995,0.613
DOM,Dominican Republic,LAC,1996,0.62
DOM,Dominican Republic,LAC,1997,0.627
DOM,Dominican Republic,LAC,1998,0.633
DOM,Dominican Republic,LAC,1999,0.64
DOM,Dominican Republic,LAC,2000,0.646
DOM,Dominican Republic,LAC,2001,0.651
DOM,Dominican Republic,LAC,2002,0.657
DOM,Dominican Republic,LAC,2003,0.659
DOM,Dominican Republic,LAC,2004,0.663
DOM,Dominican Republic,LAC,2005,0.674
DOM,Dominican Republic,LAC,2006,0.683
DOM,Dominican Republic,LAC,2007,0.692
DOM,Dominican Republic,LAC,2008,0.697
DOM,Dominican Republic,LAC,2009,0.701
DOM,Dominican Republic,LAC,2010,0.708
DOM,Dominican Republic,LAC,2011,0.713
DOM,Dominican Republic,LAC,2012,0.718
DOM,Dominican Republic,LAC,2013,0.722
DOM,Dominican Republic,LAC,2014,0.728
DOM,Dominican Republic,LAC,2015,0.736
DOM,Dominican Republic,LAC,2016,0.755
DOM,Dominican Republic,LAC,2017,0.757
DOM,Dominican Republic,LAC,2018,0.764
DOM,Dominican Republic,LAC,2019,0.771
DOM,Dominican Republic,LAC,2020,0.764
DOM,Dominican Republic,LAC,2021,0.767
DZA,Algeria,AS,1990,0.591
DZA,Algeria,AS,1991,0.594
DZA,Algeria,AS,1992,0.599
DZA,Algeria,AS,1993,0.601
DZA,Algeria,AS,1994,0.602
DZA,Algeria,AS,1995,0.606
DZA,Algeria,AS,1996,0.617
DZA,Algeria,AS,1997,0.624
DZA,Algeria,AS,1998,0.633
DZA,Algeria,AS,1999,0.641
DZA,Algeria,AS,2000,0.649
DZA,Algeria,AS,2001,0.655
DZA,Algeria,AS,2002,0.664
DZA,Algeria,AS,2003,0.67
DZA,Algeria,AS,2004,0.678
DZA,Algeria,AS,2005,0.685
DZA,Algeria,AS,2006,0.69
DZA,Algeria,AS,2007,0.697
DZA,Algeria,AS,2008,0.705
DZA,Algeria,AS,2009,0.714
DZA,Algeria,AS,2010,0.721
DZA,Algeria,AS,2011,0.727
DZA,Algeria,AS,2012,0.729
DZA,Algeria,AS,2013,0.731
DZA,Algeria,AS,2014,0.735
DZA,Algeria,AS,2015,0.74
DZA,Algeria,AS,2016,0.743
DZA,Algeria,AS,2017,0.744
DZA,Algeria,AS,2018,0.745
DZA,Algeria,AS,2019,0.748
DZA,Algeria,AS,2020,0.736
DZA,Algeria,AS,2021,0.745
ECU,Ecuador,LAC,1990,0.651
ECU,Ecuador,LAC,1991,0.652
ECU,Ecuador,LAC,1992,0.658
ECU,Ecuador,LAC,1993,0.662
ECU,Ecuador,LAC,1994,0.667
ECU,Ecuador,LAC,1995,0.671
ECU,Ecuador,LAC,1996,0.674
ECU,Ecuador,LAC,1997,0.679
ECU,Ecuador,LAC,1998,0.684
ECU,Ecuador,LAC,1999,0.683
ECU,Ecuador,LAC,2000,0.687
ECU,Ecuador,LAC,2001,0.693
ECU,Ecuador,LAC,2002,0.698
ECU,Ecuador,LAC,2003,0.703
ECU,Ecuador,LAC,2004,0.71
ECU,Ecuador,LAC,2005,0.715
ECU,Ecuador,LAC,2006,0.72
ECU,Ecuador,LAC,2007,0.723
ECU,Ecuador,LAC,2008,0.729
ECU,Ecuador,LAC,2009,0.731
ECU,Ecuador,LAC,2010,0.736
ECU,Ecuador,LAC,2011,0.743
ECU,Ecuador,LAC,2012,0.751
ECU,Ecuador,LAC,2013,0.755
ECU,Ecuador,LAC,2014,0.76
ECU,Ecuador,LAC,2015,0.765
ECU,Ecuador,LAC,2016,0.762
ECU,Ecuador,LAC,2017,0.762
ECU,Ecuador,LAC,2018,0.762
ECU,Ecuador,LAC,2019,0.76
ECU,Ecuador,LAC,2020,0.731
ECU,Ecuador,LAC,2021,0.74
EGY,Egypt,AS,1990,0.572
EGY,Egypt,AS,1991,0.578
EGY,Egypt,AS,1992,0.585
EGY,Egypt,AS,1993,0.591
EGY,Egypt,AS,1994,0.598
EGY,Egypt,AS,1995,0.605
EGY,Egypt,AS,1996,0.613
EGY,Egypt,AS,1997,0.619
EGY,Egypt,AS,1998,0.624
EGY,Egypt,AS,1999,0.629
EGY,Egypt,AS,2000,0.633
EGY,Egypt,AS,2001,0.637
EGY,Egypt,AS,2002,0.639
EGY,Egypt,AS,2003,0.637
EGY,Egypt,AS,2004,0.64
EGY,Egypt,AS,2005,0.643
EGY,Egypt,AS,2006,0.647
EGY,Egypt,AS,2007,0.655
EGY,Egypt,AS,2008,0.663
EGY,Egypt,AS,2009,0.668
EGY,Egypt,AS,2010,0.675
EGY,Egypt,AS,2011,0.679
EGY,Egypt,AS,2012,0.688
EGY,Egypt,AS,2013,0.694
EGY,Egypt,AS,2014,0.699
EGY,Egypt,AS,2015,0.706
EGY,Egypt,AS,2016,0.713
EGY,Egypt,AS,2017,0.721
EGY,Egypt,AS,2018,0.729
EGY,Egypt,AS,2019,0.735
EGY,Egypt,AS,2020,0.734
EGY,Egypt,AS,2021,0.731
ERI,Eritrea,SSA,1990,
ERI,Eritrea,SSA,1991,
ERI,Eritrea,SSA,1992,
ERI,Eritrea,SSA,1993,
ERI,Eritrea,SSA,1994,
ERI,Eritrea,SSA,1995,
ERI,Eritrea,SSA,1996,
ERI,Eritrea,SSA,1997,
ERI,Eritrea,SSA,1998,
ERI,Eritrea,SSA,1999,
ERI,Eritrea,SSA,2000,
ERI,Eritrea,SSA,2001,
ERI,Eritrea,SSA,2002,0.426
ERI,Eritrea,SSA,2003,0.437
ERI,Eritrea,SSA,2004,0.445
ERI,Eritrea,SSA,2005,0.449
ERI,Eritrea,SSA,2006,0.453
ERI,Eritrea,SSA,2007,0.457
ERI,Eritrea,SSA,2008,0.448
ERI,Eritrea,SSA,2009,0.457
ERI,Eritrea,SSA,2010,0.463
ERI,Eritrea,SSA,2011,0.481
ERI,Eritrea,SSA,2012,0.486
ERI,Eritrea,SSA,2013,0.483
ERI,Eritrea,SSA,2014,0.502
ERI,Eritrea,SSA,2015,0.483
ERI,Eritrea,SSA,2016,0.488
ERI,Eritrea,SSA,2017,0.484
ERI,Eritrea,SSA,2018,0.493
ERI,Eritrea,SSA,2019,0.495
ERI,Eritrea,SSA,2020,0.494
ERI,Eritrea,SSA,2021,0.492
ESP,Spain,,1990,0.757
ESP,Spain,,1991,0.764
ESP,Spain,,1992,0.772
ESP,Spain,,1993,0.781
ESP,Spain,,1994,0.789
ESP,Spain,,1995,0.796
ESP,Spain,,1996,0.802
ESP,Spain,,1997,0.808
ESP,Spain,,1998,0.813
ESP,Spain,,1999,0.818
ESP,Spain,,2000,0.825
ESP,Spain,,2001,0.83
ESP,Spain,,2002,0.834
ESP,Spain,,2003,0.837
ESP,Spain,,2004,0.844
ESP,Spain,,2005,0.85
ESP,Spain,,2006,0.856
ESP,Spain,,2007,0.858
ESP,Spain,,2008,0.86
ESP,Spain,,2009,0.861
ESP,Spain,,2010,0.868
ESP,Spain,,2011,0.872
ESP,Spain,,2012,0.874
ESP,Spain,,2013,0.88
ESP,Spain,,2014,0.884
ESP,Spain,,2015,0.889
ESP,Spain,,2016,0.895
ESP,Spain,,2017,0.897
ESP,Spain,,2018,0.901
ESP,Spain,,2019,0.908
ESP,Spain,,2020,0.899
ESP,Spain,,2021,0.905
EST,Estonia,,1990,0.732
EST,Estonia,,1991,0.729
EST,Estonia,,1992,0.719
EST,Estonia,,1993,0.71
EST,Estonia,,1994,0.712
EST,Estonia,,1995,0.725
EST,Estonia,,1996,0.742
EST,Estonia,,1997,0.757
EST,Estonia,,1998,0.764
EST,Estonia,,1999,0.773
EST,Estonia,,2000,0.787
EST,Estonia,,2001,0.797
EST,Estonia,,2002,0.807
EST,Estonia,,2003,0.816
EST,Estonia,,2004,0.826
EST,Estonia,,2005,0.839
EST,Estonia,,2006,0.847
EST,Estonia,,2007,0.853
EST,Estonia,,2008,0.856
EST,Estonia,,2009,0.856
EST,Estonia,,2010,0.861
EST,Estonia,,2011,0.871
EST,Estonia,,2012,0.874
EST,Estonia,,2013,0.88
EST,Estonia,,2014,0.879
EST,Estonia,,2015,0.882
EST,Estonia,,2016,0.885
EST,Estonia,,2017,0.887
EST,Estonia,,2018,0.891
EST,Estonia,,2019,0.896
EST,Estonia,,2020,0.892
EST,Estonia,,2021,0.89
ETH,Ethiopia,SSA,1990,
ETH,Ethiopia,SSA,1991,
ETH,Ethiopia,SSA,1992,
ETH,Ethiopia,SSA,1993,
ETH,Ethiopia,SSA,1994,
ETH,Ethiopia,SSA,1995,
ETH,Ethiopia,SSA,1996,
ETH,Ethiopia,SSA,1997,
ETH,Ethiopia,SSA,1998,
ETH,Ethiopia,SSA,1999,
ETH,Ethiopia,SSA,2000,0.287
ETH,Ethiopia,SSA,2001,0.301
ETH,Ethiopia,SSA,2002,0.309
ETH,Ethiopia,SSA,2003,0.313
ETH,Ethiopia,SSA,2004,0.327
ETH,Ethiopia,SSA,2005,0.346
ETH,Ethiopia,SSA,2006,0.363
ETH,Ethiopia,SSA,2007,0.38
ETH,Ethiopia,SSA,2008,0.395
ETH,Ethiopia,SSA,2009,0.402
ETH,Ethiopia,SSA,2010,0.412
ETH,Ethiopia,SSA,2011,0.422
ETH,Ethiopia,SSA,2012,0.43
ETH,Ethiopia,SSA,2013,0.441
ETH,Ethiopia,SSA,2014,0.45
ETH,Ethiopia,SSA,2015,0.46
ETH,Ethiopia,SSA,2016,0.47
ETH,Ethiopia,SSA,2017,0.48
ETH,Ethiopia,SSA,2018,0.489
ETH,Ethiopia,SSA,2019,0.498
ETH,Ethiopia,SSA,2020,0.498
ETH,Ethiopia,SSA,2021,0.498
FIN,Finland,,1990,0.814
FIN,Finland,,1991,0.818
FIN,Finland,,1992,0.825
FIN,Finland,,1993,0.829
FIN,Finland,,1994,0.841
FIN,Finland,,1995,0.847
FIN,Finland,,1996,0.854
FIN,Finland,,1997,0.863
FIN,Finland,,1998,0.873
FIN,Finland,,1999,0.881
FIN,Finland,,2000,0.891
FIN,Finland,,2001,0.9
FIN,Finland,,2002,0.904
FIN,Finland,,2003,0.907
FIN,Finland,,2004,0.902
FIN,Finland,,2005,0.905
FIN,Finland,,2006,0.909
FIN,Finland,,2007,0.911
FIN,Finland,,2008,0.912
FIN,Finland,,2009,0.907
FIN,Finland,,2010,0.911
FIN,Finland,,2011,0.915
FIN,Finland,,2012,0.915
FIN,Finland,,2013,0.926
FIN,Finland,,2014,0.927
FIN,Finland,,2015,0.93
FIN,Finland,,2016,0.931
FIN,Finland,,2017,0.934
FIN,Finland,,2018,0.936
FIN,Finland,,2019,0.939
FIN,Finland,,2020,0.938
FIN,Finland,,2021,0.94
FJI,Fiji,EAP,1990,0.642
FJI,Fiji,EAP,1991,0.647
FJI,Fiji,EAP,1992,0.651
FJI,Fiji,EAP,1993,0.654
FJI,Fiji,EAP,1994,0.66
FJI,Fiji,EAP,1995,0.666
FJI,Fiji,EAP,1996,0.669
FJI,Fiji,EAP,1997,0.67
FJI,Fiji,EAP,1998,0.672
FJI,Fiji,EAP,1999,0.679
FJI,Fiji,EAP,2000,0.681
FJI,Fiji,EAP,2001,0.686
FJI,Fiji,EAP,2002,0.687
FJI,Fiji,EAP,2003,0.692
FJI,Fiji,EAP,2004,0.704
FJI,Fiji,EAP,2005,0.702
FJI,Fiji,EAP,2006,0.705
FJI,Fiji,EAP,2007,0.706
FJI,Fiji,EAP,2008,0.709
FJI,Fiji,EAP,2009,0.711
FJI,Fiji,EAP,2010,0.714
FJI,Fiji,EAP,2011,0.719
FJI,Fiji,EAP,2012,0.721
FJI,Fiji,EAP,2013,0.726
FJI,Fiji,EAP,2014,0.729
FJI,Fiji,EAP,2015,0.729
FJI,Fiji,EAP,2016,0.735
FJI,Fiji,EAP,2017,0.741
FJI,Fiji,EAP,2018,0.745
FJI,Fiji,EAP,2019,0.746
FJI,Fiji,EAP,2020,0.737
FJI,Fiji,EAP,2021,0.73
FRA,France,,1990,0.791
FRA,France,,1991,0.799
FRA,France,,1992,0.806
FRA,France,,1993,0.809
FRA,France,,1994,0.823
FRA,France,,1995,0.828
FRA,France,,1996,0.833
FRA,France,,1997,0.838
FRA,France,,1998,0.842
FRA,France,,1999,0.84
FRA,France,,2000,0.844
FRA,France,,2001,0.847
FRA,France,,2002,0.848
FRA,France,,2003,0.851
FRA,France,,2004,0.858
FRA,France,,2005,0.866
FRA,France,,2006,0.87
FRA,France,,2007,0.873
FRA,France,,2008,0.873
FRA,France,,2009,0.872
FRA,France,,2010,0.877
FRA,France,,2011,0.881
FRA,France,,2012,0.882
FRA,France,,2013,0.887
FRA,France,,2014,0.892
FRA,France,,2015,0.892
FRA,France,,2016,0.895
FRA,France,,2017,0.898
FRA,France,,2018,0.901
FRA,France,,2019,0.905
FRA,France,,2020,0.898
FRA,France,,2021,0.903
FSM,Micronesia (Federated States of),EAP,1990,
FSM,Micronesia (Federated States of),EAP,1991,
FSM,Micronesia (Federated States of),EAP,1992,
FSM,Micronesia (Federated States of),EAP,1993,
FSM,Micronesia (Federated States of),EAP,1994,
FSM,Micronesia (Federated States of),EAP,1995,
FSM,Micronesia (Federated States of),EAP,1996,
FSM,Micronesia (Federated States of),EAP,1997,
FSM,Micronesia (Federated States of),EAP,1998,
FSM,Micronesia (Federated States of),EAP,1999,
FSM,Micronesia (Federated States of),EAP,2000,0.572
FSM,Micronesia (Federated States of),EAP,2001,0.581
FSM,Micronesia (Federated States of),EAP,2002,0.582
FSM,Micronesia (Federated States of),EAP,2003,0.594
FSM,Micronesia (Federated States of),EAP,2004,0.597
FSM,Micronesia (Federated States of),EAP,2005,0.604
FSM,Micronesia (Federated States of),EAP,2006,0.61
FSM,Micronesia (Federated States of),EAP,2007,0.614
FSM,Micronesia (Federated States of),EAP,2008,0.618
FSM,Micronesia (Federated States of),EAP,2009,0.62
FSM,Micronesia (Federated States of),EAP,2010,0.625
FSM,Micronesia (Federated States of),EAP,2011,0.628
FSM,Micronesia (Federated States of),EAP,2012,0.628
FSM,Micronesia (Federated States of),EAP,2013,0.626
FSM,Micronesia (Federated States of),EAP,2014,0.625
FSM,Micronesia (Federated States of),EAP,2015,0.626
FSM,Micronesia (Federated States of),EAP,2016,0.629
FSM,Micronesia (Federated States of),EAP,2017,0.632
FSM,Micronesia (Federated States of),EAP,2018,0.633
FSM,Micronesia (Federated States of),EAP,2019,0.633
FSM,Micronesia (Federated States of),EAP,2020,0.629
FSM,Micronesia (Federated States of),EAP,2021,0.628
GAB,Gabon,SSA,1990,0.61
GAB,Gabon,SSA,1991,0.615
GAB,Gabon,SSA,1992,0.615
GAB,Gabon,SSA,1993,0.619
GAB,Gabon,SSA,1994,0.623
GAB,Gabon,SSA,1995,0.627
GAB,Gabon,SSA,1996,0.63
GAB,Gabon,SSA,1997,0.634
GAB,Gabon,SSA,1998,0.64
GAB,Gabon,SSA,1999,0.636
GAB,Gabon,SSA,2000,0.635
GAB,Gabon,SSA,2001,0.641
GAB,Gabon,SSA,2002,0.644
GAB,Gabon,SSA,2003,0.648
GAB,Gabon,SSA,2004,0.647
GAB,Gabon,SSA,2005,0.652
GAB,Gabon,SSA,2006,0.651
GAB,Gabon,SSA,2007,0.655
GAB,Gabon,SSA,2008,0.655
GAB,Gabon,SSA,2009,0.66
GAB,Gabon,SSA,2010,0.664
GAB,Gabon,SSA,2011,0.668
GAB,Gabon,SSA,2012,0.679
GAB,Gabon,SSA,2013,0.685
GAB,Gabon,SSA,2014,0.694
GAB,Gabon,SSA,2015,0.699
GAB,Gabon,SSA,2016,0.702
GAB,Gabon,SSA,2017,0.706
GAB,Gabon,SSA,2018,0.706
GAB,Gabon,SSA,2019,0.709
GAB,Gabon,SSA,2020,0.71
GAB,Gabon,SSA,2021,0.706
GBR,United Kingdom,,1990,0.804
GBR,United Kingdom,,1991,0.809
GBR,United Kingdom,,1992,0.816
GBR,United Kingdom,,1993,0.82
GBR,United Kingdom,,1994,0.828
GBR,United Kingdom,,1995,0.828
GBR,United Kingdom,,1996,0.834
GBR,United Kingdom,,1997,0.842
GBR,United Kingdom,,1998,0.848
GBR,United Kingdom,,1999,0.855
GBR,United Kingdom,,2000,0.862
GBR,United Kingdom,,2001,0.868
GBR,United Kingdom,,2002,0.873
GBR,United Kingdom,,2003,0.878
GBR,United Kingdom,,2004,0.889
GBR,United Kingdom,,2005,0.895
GBR,United Kingdom,,2006,0.894
GBR,United Kingdom,,2007,0.897
GBR,United Kingdom,,2008,0.9
GBR,United Kingdom,,2009,0.906
GBR,United Kingdom,,2010,0.912
GBR,United Kingdom,,2011,0.908
GBR,United Kingdom,,2012,0.909
GBR,United Kingdom,,2013,0.922
GBR,United Kingdom,,2014,0.924
GBR,United Kingdom,,2015,0.924
GBR,United Kingdom,,2016,0.927
GBR,United Kingdom,,2017,0.93
GBR,United Kingdom,,2018,0.929
GBR,United Kingdom,,2019,0.935
GBR,United Kingdom,,2020,0.924
GBR,United Kingdom,,2021,0.929
GEO,Georgia,ECA,1990,
GEO,Georgia,ECA,1991,
GEO,Georgia,ECA,1992,
GEO,Georgia,ECA,1993,
GEO,Georgia,ECA,1994,
GEO,Georgia,ECA,1995,
GEO,Georgia,ECA,1996,
GEO,Georgia,ECA,1997,
GEO,Georgia,ECA,1998,
GEO,Georgia,ECA,1999,
GEO,Georgia,ECA,2000,0.702
GEO,Georgia,ECA,2001,0.706
GEO,Georgia,ECA,2002,0.714
GEO,Georgia,ECA,2003,0.723
GEO,Georgia,ECA,2004,0.729
GEO,Georgia,ECA,2005,0.738
GEO,Georgia,ECA,2006,0.742
GEO,Georgia,ECA,2007,0.753
GEO,Georgia,ECA,2008,0.748
GEO,Georgia,ECA,2009,0.753
GEO,Georgia,ECA,2010,0.759
GEO,Georgia,ECA,2011,0.766
GEO,Georgia,ECA,2012,0.773
GEO,Georgia,ECA,2013,0.777
GEO,Georgia,ECA,2014,0.784
GEO,Georgia,ECA,2015,0.79
GEO,Georgia,ECA,2016,0.794
GEO,Georgia,ECA,2017,0.8
GEO,Georgia,ECA,2018,0.804
GEO,Georgia,ECA,2019,0.81
GEO,Georgia,ECA,2020,0.802
GEO,Georgia,ECA,2021,0.802
GHA,Ghana,SSA,1990,0.46
GHA,Ghana,SSA,1991,0.466
GHA,Ghana,SSA,1992,0.47
GHA,Ghana,SSA,1993,0.475
GHA,Ghana,SSA,1994,0.477
GHA,Ghana,SSA,1995,0.483
GHA,Ghana,SSA,1996,0.487
GHA,Ghana,SSA,1997,0.492
GHA,Ghana,SSA,1998,0.497
GHA,Ghana,SSA,1999,0.502
GHA,Ghana,SSA,2000,0.507
GHA,Ghana,SSA,2001,0.505
GHA,Ghana,SSA,2002,0.512
GHA,Ghana,SSA,2003,0.515
GHA,Ghana,SSA,2004,0.521
GHA,Ghana,SSA,2005,0.533
GHA,Ghana,SSA,2006,0.54
GHA,Ghana,SSA,2007,0.55
GHA,Ghana,SSA,2008,0.561
GHA,Ghana,SSA,2009,0.566
GHA,Ghana,SSA,2010,0.574
GHA,Ghana,SSA,2011,0.585
GHA,Ghana,SSA,2012,0.592
GHA,Ghana,SSA,2013,0.6
GHA,Ghana,SSA,2014,0.6
GHA,Ghana,SSA,2015,0.607
GHA,Ghana,SSA,2016,0.611
GHA,Ghana,SSA,2017,0.616
GHA,Ghana,SSA,2018,0.62
GHA,Ghana,SSA,2019,0.631
GHA,Ghana,SSA,2020,0.632
GHA,Ghana,SSA,2021,0.632
GIN,Guinea,SSA,1990,0.269
GIN,Guinea,SSA,1991,0.274
GIN,Guinea,SSA,1992,0.282
GIN,Guinea,SSA,1993,0.289
GIN,Guinea,SSA,1994,0.295
GIN,Guinea,SSA,1995,0.303
GIN,Guinea,SSA,1996,0.31
GIN,Guinea,SSA,1997,0.321
GIN,Guinea,SSA,1998,0.33
GIN,Guinea,SSA,1999,0.339
GIN,Guinea,SSA,2000,0.345
GIN,Guinea,SSA,2001,0.352
GIN,Guinea,SSA,2002,0.362
GIN,Guinea,SSA,2003,0.37
GIN,Guinea,SSA,2004,0.377
GIN,Guinea,SSA,2005,0.387
GIN,Guinea,SSA,2006,0.394
GIN,Guinea,SSA,2007,0.402
GIN,Guinea,SSA,2008,0.408
GIN,Guinea,SSA,2009,0.41
GIN,Guinea,SSA,2010,0.415
GIN,Guinea,SSA,2011,0.42
GIN,Guinea,SSA,2012,0.425
GIN,Guinea,SSA,2013,0.429
GIN,Guinea,SSA,2014,0.435
GIN,Guinea,SSA,2015,0.44
GIN,Guinea,SSA,2016,0.45
GIN,Guinea,SSA,2017,0.458
GIN,Guinea,SSA,2018,0.462
GIN,Guinea,SSA,2019,0.467
GIN,Guinea,SSA,2020,0.466
GIN,Guinea,SSA,2021,0.465
GMB,Gambia,SSA,1990,0.343
GMB,Gambia,SSA,1991,0.35
GMB,Gambia,SSA,1992,0.357
GMB,Gambia,SSA,1993,0.363
GMB,Gambia,SSA,1994,0.369
GMB,Gambia,SSA,1995,0.376
GMB,Gambia,SSA,1996,0.382
GMB,Gambia,SSA,1997,0.385
GMB,Gambia,SSA,1998,0.392
GMB,Gambia,SSA,1999,0.398
GMB,Gambia,SSA,2000,0.404
GMB,Gambia,SSA,2001,0.41
GMB,Gambia,SSA,2002,0.412
GMB,Gambia,SSA,2003,0.419
GMB,Gambia,SSA,2004,0.428
GMB,Gambia,SSA,2005,0.431
GMB,Gambia,SSA,2006,0.436
GMB,Gambia,SSA,2007,0.442
GMB,Gambia,SSA,2008,0.45
GMB,Gambia,SSA,2009,0.455
GMB,Gambia,SSA,2010,0.46
GMB,Gambia,SSA,2011,0.46
GMB,Gambia,SSA,2012,0.467
GMB,Gambia,SSA,2013,0.471
GMB,Gambia,SSA,2014,0.473
GMB,Gambia,SSA,2015,0.478
GMB,Gambia,SSA,2016,0.484
GMB,Gambia,SSA,2017,0.489
GMB,Gambia,SSA,2018,0.495
GMB,Gambia,SSA,2019,0.503
GMB,Gambia,SSA,2020,0.501
GMB,Gambia,SSA,2021,0.5
GNB,Guinea-Bissau,SSA,1990,
GNB,Guinea-Bissau,SSA,1991,
GNB,Guinea-Bissau,SSA,1992,
GNB,Guinea-Bissau,SSA,1993,
GNB,Guinea-Bissau,SSA,1994,
GNB,Guinea-Bissau,SSA,1995,
GNB,Guinea-Bissau,SSA,1996,
GNB,Guinea-Bissau,SSA,1997,
GNB,Guinea-Bissau,SSA,1998,
GNB,Guinea-Bissau,SSA,1999,
GNB,Guinea-Bissau,SSA,2000,
GNB,Guinea-Bissau,SSA,2001,
GNB,Guinea-Bissau,SSA,2002,
GNB,Guinea-Bissau,SSA,2003,
GNB,Guinea-Bissau,SSA,2004,
GNB,Guinea-Bissau,SSA,2005,0.404
GNB,Guinea-Bissau,SSA,2006,0.417
GNB,Guinea-Bissau,SSA,2007,0.424
GNB,Guinea-Bissau,SSA,2008,0.429
GNB,Guinea-Bissau,SSA,2009,0.436
GNB,Guinea-Bissau,SSA,2010,0.443
GNB,Guinea-Bissau,SSA,2011,0.452
GNB,Guinea-Bissau,SSA,2012,0.456
GNB,Guinea-Bissau,SSA,2013,0.46
GNB,Guinea-Bissau,SSA,2014,0.466
GNB,Guinea-Bissau,SSA,2015,0.472
GNB,Guinea-Bissau,SSA,2016,0.478
GNB,Guinea-Bissau,SSA,2017,0.481
GNB,Guinea-Bissau,SSA,2018,0.482
GNB,Guinea-Bissau,SSA,2019,0.49
GNB,Guinea-Bissau,SSA,2020,0.483
GNB,Guinea-Bissau,SSA,2021,0.483
GNQ,Equatorial Guinea,SSA,1990,
GNQ,Equatorial Guinea,SSA,1991,
GNQ,Equatorial Guinea,SSA,1992,
GNQ,Equatorial Guinea,SSA,1993,
GNQ,Equatorial Guinea,SSA,1994,
GNQ,Equatorial Guinea,SSA,1995,
GNQ,Equatorial Guinea,SSA,1996,
GNQ,Equatorial Guinea,SSA,1997,
GNQ,Equatorial Guinea,SSA,1998,
GNQ,Equatorial Guinea,SSA,1999,
GNQ,Equatorial Guinea,SSA,2000,0.512
GNQ,Equatorial Guinea,SSA,2001,0.522
GNQ,Equatorial Guinea,SSA,2002,0.534
GNQ,Equatorial Guinea,SSA,2003,0.537
GNQ,Equatorial Guinea,SSA,2004,0.545
GNQ,Equatorial Guinea,SSA,2005,0.556
GNQ,Equatorial Guinea,SSA,2006,0.569
GNQ,Equatorial Guinea,SSA,2007,0.578
GNQ,Equatorial Guinea,SSA,2008,0.582
GNQ,Equatorial Guinea,SSA,2009,0.586
GNQ,Equatorial Guinea,SSA,2010,0.579
GNQ,Equatorial Guinea,SSA,2011,0.585
GNQ,Equatorial Guinea,SSA,2012,0.592
GNQ,Equatorial Guinea,SSA,2013,0.594
GNQ,Equatorial Guinea,SSA,2014,0.598
GNQ,Equatorial Guinea,SSA,2015,0.603
GNQ,Equatorial Guinea,SSA,2016,0.603
GNQ,Equatorial Guinea,SSA,2017,0.601
GNQ,Equatorial Guinea,SSA,2018,0.601
GNQ,Equatorial Guinea,SSA,2019,0.605
GNQ,Equatorial Guinea,SSA,2020,0.599
GNQ,Equatorial Guinea,SSA,2021,0.596
GRC,Greece,,1990,0.759
GRC,Greece,,1991,0.769
GRC,Greece,,1992,0.769
GRC,Greece,,1993,0.769
GRC,Greece,,1994,0.774
GRC,Greece,,1995,0.777
GRC,Greece,,1996,0.782
GRC,Greece,,1997,0.789
GRC,Greece,,1998,0.799
GRC,Greece,,1999,0.801
GRC,Greece,,2000,0.81
GRC,Greece,,2001,0.82
GRC,Greece,,2002,0.83
GRC,Greece,,2003,0.835
GRC,Greece,,2004,0.843
GRC,Greece,,2005,0.855
GRC,Greece,,2006,0.863
GRC,Greece,,2007,0.858
GRC,Greece,,2008,0.863
GRC,Greece,,2009,0.866
GRC,Greece,,2010,0.869
GRC,Greece,,2011,0.865
GRC,Greece,,2012,0.866
GRC,Greece,,2013,0.871
GRC,Greece,,2014,0.879
GRC,Greece,,2015,0.88
GRC,Greece,,2016,0.877
GRC,Greece,,2017,0.88
GRC,Greece,,2018,0.886
GRC,Greece,,2019,0.889
GRC,Greece,,2020,0.886
GRC,Greece,,2021,0.887
GRD,Grenada,LAC,1990,
GRD,Grenada,LAC,1991,
GRD,Grenada,LAC,1992,
GRD,Grenada,LAC,1993,
GRD,Grenada,LAC,1994,
GRD,Grenada,LAC,1995,
GRD,Grenada,LAC,1996,
GRD,Grenada,LAC,1997,
GRD,Grenada,LAC,1998,
GRD,Grenada,LAC,1999,
GRD,Grenada,LAC,2000,
GRD,Grenada,LAC,2001,
GRD,Grenada,LAC,2002,0.739
GRD,Grenada,LAC,2003,0.747
GRD,Grenada,LAC,2004,0.742
GRD,Grenada,LAC,2005,0.763
GRD,Grenada,LAC,2006,0.765
GRD,Grenada,LAC,2007,0.773
GRD,Grenada,LAC,2008,0.778
GRD,Grenada,LAC,2009,0.777
GRD,Grenada,LAC,2010,0.782
GRD,Grenada,LAC,2011,0.786
GRD,Grenada,LAC,2012,0.784
GRD,Grenada,LAC,2013,0.787
GRD,Grenada,LAC,2014,0.787
GRD,Grenada,LAC,2015,0.79
GRD,Grenada,LAC,2016,0.791
GRD,Grenada,LAC,2017,0.794
GRD,Grenada,LAC,2018,0.797
GRD,Grenada,LAC,2019,0.8
GRD,Grenada,LAC,2020,0.792
GRD,Grenada,LAC,2021,0.795
GTM,Guatemala,LAC,1990,0.484
GTM,Guatemala,LAC,1991,0.488
GTM,Guatemala,LAC,1992,0.492
GTM,Guatemala,LAC,1993,0.497
GTM,Guatemala,LAC,1994,0.501
GTM,Guatemala,LAC,1995,0.508
GTM,Guatemala,LAC,1996,0.516
GTM,Guatemala,LAC,1997,0.525
GTM,Guatemala,LAC,1998,0.534
GTM,Guatemala,LAC,1999,0.542
GTM,Guatemala,LAC,2000,0.55
GTM,Guatemala,LAC,2001,0.556
GTM,Guatemala,LAC,2002,0.561
GTM,Guatemala,LAC,2003,0.566
GTM,Guatemala,LAC,2004,0.571
GTM,Guatemala,LAC,2005,0.574
GTM,Guatemala,LAC,2006,0.581
GTM,Guatemala,LAC,2007,0.59
GTM,Guatemala,LAC,2008,0.596
GTM,Guatemala,LAC,2009,0.6
GTM,Guatemala,LAC,2010,0.605
GTM,Guatemala,LAC,2011,0.611
GTM,Guatemala,LAC,2012,0.616
GTM,Guatemala,LAC,2013,0.62
GTM,Guatemala,LAC,2014,0.637
GTM,Guatemala,LAC,2015,0.639
GTM,Guatemala,LAC,2016,0.639
GTM,Guatemala,LAC,2017,0.64
GTM,Guatemala,LAC,2018,0.64
GTM,Guatemala,LAC,2019,0.642
GTM,Guatemala,LAC,2020,0.635
GTM,Guatemala,LAC,2021,0.627
GUY,Guyana,LAC,1990,0.509
GUY,Guyana,LAC,1991,0.505
GUY,Guyana,LAC,1992,0.52
GUY,Guyana,LAC,1993,0.534
GUY,Guyana,LAC,1994,0.544
GUY,Guyana,LAC,1995,0.549
GUY,Guyana,LAC,1996,0.559
GUY,Guyana,LAC,1997,0.564
GUY,Guyana,LAC,1998,0.569
GUY,Guyana,LAC,1999,0.573
GUY,Guyana,LAC,2000,0.577
GUY,Guyana,LAC,2001,0.584
GUY,Guyana,LAC,2002,0.59
GUY,Guyana,LAC,2003,0.598
GUY,Guyana,LAC,2004,0.612
GUY,Guyana,LAC,2005,0.622
GUY,Guyana,LAC,2006,0.631
GUY,Guyana,LAC,2007,0.638
GUY,Guyana,LAC,2008,0.644
GUY,Guyana,LAC,2009,0.649
GUY,Guyana,LAC,2010,0.656
GUY,Guyana,LAC,2011,0.665
GUY,Guyana,LAC,2012,0.669
GUY,Guyana,LAC,2013,0.673
GUY,Guyana,LAC,2014,0.681
GUY,Guyana,LAC,2015,0.684
GUY,Guyana,LAC,2016,0.691
GUY,Guyana,LAC,2017,0.695
GUY,Guyana,LAC,2018,0.701
GUY,Guyana,LAC,2019,0.708
GUY,Guyana,LAC,2020,0.721
GUY,Guyana,LAC,2021,0.714
HKG,"Hong Kong, China (SAR)",,1990,0.788
HKG,"Hong Kong, China (SAR)",,1991,0.794
HKG,"Hong Kong, China (SAR)",,1992,0.802
HKG,"Hong Kong, China (SAR)",,1993,0.811
HKG,"Hong Kong, China (SAR)",,1994,0.819
HKG,"Hong Kong, China (SAR)",,1995,0.825
HKG,"Hong Kong, China (SAR)",,1996,0.831
HKG,"Hong Kong, China (SAR)",,1997,0.837
HKG,"Hong Kong, China (SAR)",,1998,0.839
HKG,"Hong Kong, China (SAR)",,1999,0.843
HKG,"Hong Kong, China (SAR)",,2000,0.851
HKG,"Hong Kong, China (SAR)",,2001,0.856
HKG,"Hong Kong, China (SAR)",,2002,0.859
HKG,"Hong Kong, China (SAR)",,2003,0.864
HKG,"Hong Kong, China (SAR)",,2004,0.872
HKG,"Hong Kong, China (SAR)",,2005,0.879
HKG,"Hong Kong, China (SAR)",,2006,0.887
HKG,"Hong Kong, China (SAR)",,2007,0.894
HKG,"Hong Kong, China (SAR)",,2008,0.899
HKG,"Hong Kong, China (SAR)",,2009,0.9
HKG,"Hong Kong, China (SAR)",,2010,0.907
HKG,"Hong Kong, China (SAR)",,2011,0.914
HKG,"Hong Kong, China (SAR)",,2012,0.918
HKG,"Hong Kong, China (SAR)",,2013,0.924
HKG,"Hong Kong, China (SAR)",,2014,0.93
HKG,"Hong Kong, China (SAR)",,2015,0.935
HKG,"Hong Kong, China (SAR)",,2016,0.938
HKG,"Hong Kong, China (SAR)",,2017,0.944
HKG,"Hong Kong, China (SAR)",,2018,0.949
HKG,"Hong Kong, China (SAR)",,2019,0.952
HKG,"Hong Kong, China (SAR)",,2020,0.949
HKG,"Hong Kong, China (SAR)",,2021,0.952
HND,Honduras,LAC,1990,0.516
HND,Honduras,LAC,1991,0.517
HND,Honduras,LAC,1992,0.521
HND,Honduras,LAC,1993,0.527
HND,Honduras,LAC,1994,0.53
HND,Honduras,LAC,1995,0.536
HND,Honduras,LAC,1996,0.539
HND,Honduras,LAC,1997,0.544
HND,Honduras,LAC,1998,0.527
HND,Honduras,LAC,1999,0.55
HND,Honduras,LAC,2000,0.556
HND,Honduras,LAC,2001,0.559
HND,Honduras,LAC,2002,0.563
HND,Honduras,LAC,2003,0.567
HND,Honduras,LAC,2004,0.572
HND,Honduras,LAC,2005,0.577
HND,Honduras,LAC,2006,0.581
HND,Honduras,LAC,2007,0.586
HND,Honduras,LAC,2008,0.591
HND,Honduras,LAC,2009,0.594
HND,Honduras,LAC,2010,0.597
HND,Honduras,LAC,2011,0.6
HND,Honduras,LAC,2012,0.599
HND,Honduras,LAC,2013,0.603
HND,Honduras,LAC,2014,0.606
HND,Honduras,LAC,2015,0.613
HND,Honduras,LAC,2016,0.618
HND,Honduras,LAC,2017,0.617
HND,Honduras,LAC,2018,0.617
HND,Honduras,LAC,2019,0.632
HND,Honduras,LAC,2020,0.621
HND,Honduras,LAC,2021,0.621
HRV,Croatia,,1990,
HRV,Croatia,,1991,
HRV,Croatia,,1992,
HRV,Croatia,,1993,
HRV,Croatia,,1994,
HRV,Croatia,,1995,0.712
HRV,Croatia,,1996,0.724
HRV,Croatia,,1997,0.732
HRV,Croatia,,1998,0.742
HRV,Croatia,,1999,0.749
HRV,Croatia,,2000,0.759
HRV,Croatia,,2001,0.769
HRV,Croatia,,2002,0.777
HRV,Croatia,,2003,0.783
HRV,Croatia,,2004,0.796
HRV,Croatia,,2005,0.802
HRV,Croatia,,2006,0.811
HRV,Croatia,,2007,0.815
HRV,Croatia,,2008,0.817
HRV,Croatia,,2009,0.816
HRV,Croatia,,2010,0.821
HRV,Croatia,,2011,0.826
HRV,Croatia,,2012,0.83
HRV,Croatia,,2013,0.838
HRV,Croatia,,2014,0.841
HRV,Croatia,,2015,0.843
HRV,Croatia,,2016,0.848
HRV,Croatia,,2017,0.852
HRV,Croatia,,2018,0.856
HRV,Croatia,,2019,0.861
HRV,Croatia,,2020,0.855
HRV,Croatia,,2021,0.858
HTI,Haiti,LAC,1990,0.429
HTI,Haiti,LAC,1991,0.433
HTI,Haiti,LAC,1992,0.435
HTI,Haiti,LAC,1993,0.436
HTI,Haiti,LAC,1994,0.434
HTI,Haiti,LAC,1995,0.444
HTI,Haiti,LAC,1996,0.45
HTI,Haiti,LAC,1997,0.455
HTI,Haiti,LAC,1998,0.46
HTI,Haiti,LAC,1999,0.466
HTI,Haiti,LAC,2000,0.47
HTI,Haiti,LAC,2001,0.472
HTI,Haiti,LAC,2002,0.476
HTI,Haiti,LAC,2003,0.482
HTI,Haiti,LAC,2004,0.479
HTI,Haiti,LAC,2005,0.49
HTI,Haiti,LAC,2006,0.494
HTI,Haiti,LAC,2007,0.499
HTI,Haiti,LAC,2008,0.503
HTI,Haiti,LAC,2009,0.508
HTI,Haiti,LAC,2010,0.433
HTI,Haiti,LAC,2011,0.512
HTI,Haiti,LAC,2012,0.517
HTI,Haiti,LAC,2013,0.521
HTI,Haiti,LAC,2014,0.525
HTI,Haiti,LAC,2015,0.529
HTI,Haiti,LAC,2016,0.532
HTI,Haiti,LAC,2017,0.539
HTI,Haiti,LAC,2018,0.541
HTI,Haiti,LAC,2019,0.543
HTI,Haiti,LAC,2020,0.54
HTI,Haiti,LAC,2021,0.535
HUN,Hungary,,1990,0.72
HUN,Hungary,,1991,0.715
HUN,Hungary,,1992,0.714
HUN,Hungary,,1993,0.722
HUN,Hungary,,1994,0.731
HUN,Hungary,,1995,0.735
HUN,Hungary,,1996,0.741
HUN,Hungary,,1997,0.749
HUN,Hungary,,1998,0.756
HUN,Hungary,,1999,0.763
HUN,Hungary,,2000,0.773
HUN,Hungary,,2001,0.782
HUN,Hungary,,2002,0.791
HUN,Hungary,,2003,0.798
HUN,Hungary,,2004,0.801
HUN,Hungary,,2005,0.806
HUN,Hungary,,2006,0.814
HUN,Hungary,,2007,0.817
HUN,Hungary,,2008,0.823
HUN,Hungary,,2009,0.825
HUN,Hungary,,2010,0.828
HUN,Hungary,,2011,0.83
HUN,Hungary,,2012,0.831
HUN,Hungary,,2013,0.84
HUN,Hungary,,2014,0.838
HUN,Hungary,,2015,0.838
HUN,Hungary,,2016,0.843
HUN,Hungary,,2017,0.845
HUN,Hungary,,2018,0.849
HUN,Hungary,,2019,0.853
HUN,Hungary,,2020,0.849
HUN,Hungary,,2021,0.846
IDN,Indonesia,EAP,1990,0.526
IDN,Indonesia,EAP,1991,0.532
IDN,Indonesia,EAP,1992,0.54
IDN,Indonesia,EAP,1993,0.548
IDN,Indonesia,EAP,1994,0.558
IDN,Indonesia,EAP,1995,0.569
IDN,Indonesia,EAP,1996,0.578
IDN,Indonesia,EAP,1997,0.589
IDN,Indonesia,EAP,1998,0.585
IDN,Indonesia,EAP,1999,0.59
IDN,Indonesia,EAP,2000,0.595
IDN,Indonesia,EAP,2001,0.604
IDN,Indonesia,EAP,2002,0.612
IDN,Indonesia,EAP,2003,0.621
IDN,Indonesia,EAP,2004,0.619
IDN,Indonesia,EAP,2005,0.632
IDN,Indonesia,EAP,2006,0.639
IDN,Indonesia,EAP,2007,0.643
IDN,Indonesia,EAP,2008,0.646
IDN,Indonesia,EAP,2009,0.657
IDN,Indonesia,EAP,2010,0.664
IDN,Indonesia,EAP,2011,0.671
IDN,Indonesia,EAP,2012,0.678
IDN,Indonesia,EAP,2013,0.683
IDN,Indonesia,EAP,2014,0.687
IDN,Indonesia,EAP,2015,0.695
IDN,Indonesia,EAP,2016,0.699
IDN,Indonesia,EAP,2017,0.704
IDN,Indonesia,EAP,2018,0.71
IDN,Indonesia,EAP,2019,0.716
IDN,Indonesia,EAP,2020,0.709
IDN,Indonesia,EAP,2021,0.705
IND,India,SA,1990,0.434
IND,India,SA,1991,0.437
IND,India,SA,1992,0.442
IND,India,SA,1993,0.446
IND,India,SA,1994,0.452
IND,India,SA,1995,0.458
IND,India,SA,1996,0.466
IND,India,SA,1997,0.471
IND,India,SA,1998,0.478
IND,India,SA,1999,0.486
IND,India,SA,2000,0.491
IND,India,SA,2001,0.496
IND,India,SA,2002,0.503
IND,India,SA,2003,0.516
IND,India,SA,2004,0.525
IND,India,SA,2005,0.534
IND,India,SA,2006,0.543
IND,India,SA,2007,0.553
IND,India,SA,2008,0.56
IND,India,SA,2009,0.565
IND,India,SA,2010,0.575
IND,India,SA,2011,0.588
IND,India,SA,2012,0.598
IND,India,SA,2013,0.607
IND,India,SA,2014,0.619
IND,India,SA,2015,0.629
IND,India,SA,2016,0.639
IND,India,SA,2017,0.644
IND,India,SA,2018,0.645
IND,India,SA,2019,0.645
IND,India,SA,2020,0.642
IND,India,SA,2021,0.633
IRL,Ireland,,1990,0.737
IRL,Ireland,,1991,0.743
IRL,Ireland,,1992,0.751
IRL,Ireland,,1993,0.76
IRL,Ireland,,1994,0.771
IRL,Ireland,,1995,0.777
IRL,Ireland,,1996,0.785
IRL,Ireland,,1997,0.794
IRL,Ireland,,1998,0.83
IRL,Ireland,,1999,0.837
IRL,Ireland,,2000,0.847
IRL,Ireland,,2001,0.855
IRL,Ireland,,2002,0.864
IRL,Ireland,,2003,0.873
IRL,Ireland,,2004,0.881
IRL,Ireland,,2005,0.888
IRL,Ireland,,2006,0.891
IRL,Ireland,,2007,0.896
IRL,Ireland,,2008,0.899
IRL,Ireland,,2009,0.895
IRL,Ireland,,2010,0.904
IRL,Ireland,,2011,0.902
IRL,Ireland,,2012,0.903
IRL,Ireland,,2013,0.908
IRL,Ireland,,2014,0.914
IRL,Ireland,,2015,0.925
IRL,Ireland,,2016,0.929
IRL,Ireland,,2017,0.934
IRL,Ireland,,2018,0.937
IRL,Ireland,,2019,0.942
IRL,Ireland,,2020,0.943
IRL,Ireland,,2021,0.945
IRN,Iran (Islamic Republic of),SA,1990,0.601
IRN,Iran (Islamic Republic of),SA,1991,0.62
IRN,Iran (Islamic Republic of),SA,1992,0.627
IRN,Iran (Islamic Republic of),SA,1993,0.634
IRN,Iran (Islamic Republic of),SA,1994,0.64
IRN,Iran (Islamic Republic of),SA,1995,0.647
IRN,Iran (Islamic Republic of),SA,1996,0.655
IRN,Iran (Islamic Republic of),SA,1997,0.662
IRN,Iran (Islamic Republic of),SA,1998,0.669
IRN,Iran (Islamic Republic of),SA,1999,0.677
IRN,Iran (Islamic Republic of),SA,2000,0.685
IRN,Iran (Islamic Republic of),SA,2001,0.693
IRN,Iran (Islamic Republic of),SA,2002,0.701
IRN,Iran (Islamic Republic of),SA,2003,0.704
IRN,Iran (Islamic Republic of),SA,2004,0.712
IRN,Iran (Islamic Republic of),SA,2005,0.717
IRN,Iran (Islamic Republic of),SA,2006,0.727
IRN,Iran (Islamic Republic of),SA,2007,0.733
IRN,Iran (Islamic Republic of),SA,2008,0.735
IRN,Iran (Islamic Republic of),SA,2009,0.738
IRN,Iran (Islamic Republic of),SA,2010,0.745
IRN,Iran (Islamic Republic of),SA,2011,0.754
IRN,Iran (Islamic Republic of),SA,2012,0.768
IRN,Iran (Islamic Republic of),SA,2013,0.769
IRN,Iran (Islamic Republic of),SA,2014,0.773
IRN,Iran (Islamic Republic of),SA,2015,0.776
IRN,Iran (Islamic Republic of),SA,2016,0.786
IRN,Iran (Islamic Republic of),SA,2017,0.789
IRN,Iran (Islamic Republic of),SA,2018,0.787
IRN,Iran (Islamic Republic of),SA,2019,0.783
IRN,Iran (Islamic Republic of),SA,2020,0.777
IRN,Iran (Islamic Republic of),SA,2021,0.774
IRQ,Iraq,AS,1990,0.528
IRQ,Iraq,AS,1991,0.496
IRQ,Iraq,AS,1992,0.524
IRQ,Iraq,AS,1993,0.545
IRQ,Iraq,AS,1994,0.543
IRQ,Iraq,AS,1995,0.532
IRQ,Iraq,AS,1996,0.551
IRQ,Iraq,AS,1997,0.558
IRQ,Iraq,AS,1998,0.571
IRQ,Iraq,AS,1999,0.582
IRQ,Iraq,AS,2000,0.589
IRQ,Iraq,AS,2001,0.596
IRQ,Iraq,AS,2002,0.598
IRQ,Iraq,AS,2003,0.579
IRQ,Iraq,AS,2004,0.602
IRQ,Iraq,AS,2005,0.606
IRQ,Iraq,AS,2006,0.604
IRQ,Iraq,AS,2007,0.607
IRQ,Iraq,AS,2008,0.623
IRQ,Iraq,AS,2009,0.633
IRQ,Iraq,AS,2010,0.64
IRQ,Iraq,AS,2011,0.649
IRQ,Iraq,AS,2012,0.66
IRQ,Iraq,AS,2013,0.667
IRQ,Iraq,AS,2014,0.67
IRQ,Iraq,AS,2015,0.675
IRQ,Iraq,AS,2016,0.679
IRQ,Iraq,AS,2017,0.685
IRQ,Iraq,AS,2018,0.692
IRQ,Iraq,AS,2019,0.696
IRQ,Iraq,AS,2020,0.679
IRQ,Iraq,AS,2021,0.686
ISL,Iceland,,1990,0.811
ISL,Iceland,,1991,0.822
ISL,Iceland,,1992,0.828
ISL,Iceland,,1993,0.829
ISL,Iceland,,1994,0.835
ISL,Iceland,,1995,0.833
ISL,Iceland,,1996,0.838
ISL,Iceland,,1997,0.849
ISL,Iceland,,1998,0.86
ISL,Iceland,,1999,0.862
ISL,Iceland,,2000,0.871
ISL,Iceland,,2001,0.879
ISL,Iceland,,2002,0.886
ISL,Iceland,,2003,0.891
ISL,Iceland,,2004,0.895
ISL,Iceland,,2005,0.901
ISL,Iceland,,2006,0.903
ISL,Iceland,,2007,0.909
ISL,Iceland,,2008,0.902
ISL,Iceland,,2009,0.9
ISL,Iceland,,2010,0.902
ISL,Iceland,,2011,0.912
ISL,Iceland,,2012,0.921
ISL,Iceland,,2013,0.929
ISL,Iceland,,2014,0.938
ISL,Iceland,,2015,0.945
ISL,Iceland,,2016,0.948
ISL,Iceland,,2017,0.954
ISL,Iceland,,2018,0.959
ISL,Iceland,,2019,0.96
ISL,Iceland,,2020,0.957
ISL,Iceland,,2021,0.959
ISR,Israel,,1990,0.787
ISR,Israel,,1991,0.793
ISR,Israel,,1992,0.797
ISR,Israel,,1993,0.804
ISR,Israel,,1994,0.808
ISR,Israel,,1995,0.811
ISR,Israel,,1996,0.818
ISR,Israel,,1997,0.825
ISR,Israel,,1998,0.833
ISR,Israel,,1999,0.841
ISR,Israel,,2000,0.844
ISR,Israel,,2001,0.848
ISR,Israel,,2002,0.854
ISR,Israel,,2003,0.855
ISR,Israel,,2004,0.858
ISR,Israel,,2005,0.866
ISR,Israel,,2006,0.874
ISR,Israel,,2007,0.885
ISR,Israel,,2008,0.885
ISR,Israel,,2009,0.889
ISR,Israel,,2010,0.894
ISR,Israel,,2011,0.897
ISR,Israel,,2012,0.898
ISR,Israel,,2013,0.904
ISR,Israel,,2014,0.908
ISR,Israel,,2015,0.909
ISR,Israel,,2016,0.913
ISR,Israel,,2017,0.917
ISR,Israel,,2018,0.919
ISR,Israel,,2019,0.921
ISR,Israel,,2020,0.917
ISR,Israel,,2021,0.919
ITA,Italy,,1990,0.778
ITA,Italy,,1991,0.783
ITA,Italy,,1992,0.789
ITA,Italy,,1993,0.795
ITA,Italy,,1994,0.804
ITA,Italy,,1995,0.81
ITA,Italy,,1996,0.816
ITA,Italy,,1997,0.824
ITA,Italy,,1998,0.829
ITA,Italy,,1999,0.835
ITA,Italy,,2000,0.841
ITA,Italy,,2001,0.849
ITA,Italy,,2002,0.853
ITA,Italy,,2003,0.858
ITA,Italy,,2004,0.865
ITA,Italy,,2005,0.868
ITA,Italy,,2006,0.873
ITA,Italy,,2007,0.877
ITA,Italy,,2008,0.878
ITA,Italy,,2009,0.878
ITA,Italy,,2010,0.882
ITA,Italy,,2011,0.885
ITA,Italy,,2012,0.883
ITA,Italy,,2013,0.882
ITA,Italy,,2014,0.883
ITA,Italy,,2015,0.882
ITA,Italy,,2016,0.887
ITA,Italy,,2017,0.888
ITA,Italy,,2018,0.893
ITA,Italy,,2019,0.897
ITA,Italy,,2020,0.889
ITA,Italy,,2021,0.895
JAM,Jamaica,LAC,1990,0.659
JAM,Jamaica,LAC,1991,0.662
JAM,Jamaica,LAC,1992,0.663
JAM,Jamaica,LAC,1993,0.667
JAM,Jamaica,LAC,1994,0.668
JAM,Jamaica,LAC,1995,0.669
JAM,Jamaica,LAC,1996,0.669
JAM,Jamaica,LAC,1997,0.668
JAM,Jamaica,LAC,1998,0.666
JAM,Jamaica,LAC,1999,0.667
JAM,Jamaica,LAC,2000,0.664
JAM,Jamaica,LAC,2001,0.673
JAM,Jamaica,LAC,2002,0.677
JAM,Jamaica,LAC,2003,0.671
JAM,Jamaica,LAC,2004,0.687
JAM,Jamaica,LAC,2005,0.69
JAM,Jamaica,LAC,2006,0.694
JAM,Jamaica,LAC,2007,0.697
JAM,Jamaica,LAC,2008,0.7
JAM,Jamaica,LAC,2009,0.7
JAM,Jamaica,LAC,2010,0.704
JAM,Jamaica,LAC,2011,0.709
JAM,Jamaica,LAC,2012,0.713
JAM,Jamaica,LAC,2013,0.714
JAM,Jamaica,LAC,2014,0.714
JAM,Jamaica,LAC,2015,0.713
JAM,Jamaica,LAC,2016,0.712
JAM,Jamaica,LAC,2017,0.715
JAM,Jamaica,LAC,2018,0.716
JAM,Jamaica,LAC,2019,0.719
JAM,Jamaica,LAC,2020,0.713
JAM,Jamaica,LAC,2021,0.709
JOR,Jordan,AS,1990,0.622
JOR,Jordan,AS,1991,0.625
JOR,Jordan,AS,1992,0.637
JOR,Jordan,AS,1993,0.641
JOR,Jordan,AS,1994,0.644
JOR,Jordan,AS,1995,0.651
JOR,Jordan,AS,1996,0.655
JOR,Jordan,AS,1997,0.661
JOR,Jordan,AS,1998,0.666
JOR,Jordan,AS,1999,0.671
JOR,Jordan,AS,2000,0.678
JOR,Jordan,AS,2001,0.685
JOR,Jordan,AS,2002,0.692
JOR,Jordan,AS,2003,0.698
JOR,Jordan,AS,2004,0.709
JOR,Jordan,AS,2005,0.716
JOR,Jordan,AS,2006,0.722
JOR,Jordan,AS,2007,0.729
JOR,Jordan,AS,2008,0.734
JOR,Jordan,AS,2009,0.731
JOR,Jordan,AS,2010,0.725
JOR,Jordan,AS,2011,0.721
JOR,Jordan,AS,2012,0.721
JOR,Jordan,AS,2013,0.719
JOR,Jordan,AS,2014,0.719
JOR,Jordan,AS,2015,0.718
JOR,Jordan,AS,2016,0.718
JOR,Jordan,AS,2017,0.718
JOR,Jordan,AS,2018,0.723
JOR,Jordan,AS,2019,0.727
JOR,Jordan,AS,2020,0.723
JOR,Jordan,AS,2021,0.72
JPN,Japan,,1990,0.845
JPN,Japan,,1991,0.849
JPN,Japan,,1992,0.85
JPN,Japan,,1993,0.855
JPN,Japan,,1994,0.861
JPN,Japan,,1995,0.863
JPN,Japan,,1996,0.868
JPN,Japan,,1997,0.871
JPN,Japan,,1998,0.871
JPN,Japan,,1999,0.872
JPN,Japan,,2000,0.877
JPN,Japan,,2001,0.88
JPN,Japan,,2002,0.882
JPN,Japan,,2003,0.884
JPN,Japan,,2004,0.888
JPN,Japan,,2005,0.889
JPN,Japan,,2006,0.892
JPN,Japan,,2007,0.895
JPN,Japan,,2008,0.895
JPN,Japan,,2009,0.896
JPN,Japan,,2010,0.898
JPN,Japan,,2011,0.899
JPN,Japan,,2012,0.905
JPN,Japan,,2013,0.91
JPN,Japan,,2014,0.914
JPN,Japan,,2015,0.918
JPN,Japan,,2016,0.921
JPN,Japan,,2017,0.922
JPN,Japan,,2018,0.923
JPN,Japan,,2019,0.924
JPN,Japan,,2020,0.923
JPN,Japan,,2021,0.925
KAZ,Kazakhstan,ECA,1990,0.673
KAZ,Kazakhstan,ECA,1991,0.668
KAZ,Kazakhstan,ECA,1992,0.667
KAZ,Kazakhstan,ECA,1993,0.663
KAZ,Kazakhstan,ECA,1994,0.657
KAZ,Kazakhstan,ECA,1995,0.655
KAZ,Kazakhstan,ECA,1996,0.659
KAZ,Kazakhstan,ECA,1997,0.663
KAZ,Kazakhstan,ECA,1998,0.666
KAZ,Kazakhstan,ECA,1999,0.671
KAZ,Kazakhstan,ECA,2000,0.68
KAZ,Kazakhstan,ECA,2001,0.695
KAZ,Kazakhstan,ECA,2002,0.706
KAZ,Kazakhstan,ECA,2003,0.718
KAZ,Kazakhstan,ECA,2004,0.73
KAZ,Kazakhstan,ECA,2005,0.739
KAZ,Kazakhstan,ECA,2006,0.752
KAZ,Kazakhstan,ECA,2007,0.758
KAZ,Kazakhstan,ECA,2008,0.758
KAZ,Kazakhstan,ECA,2009,0.761
KAZ,Kazakhstan,ECA,2010,0.767
KAZ,Kazakhstan,ECA,2011,0.775
KAZ,Kazakhstan,ECA,2012,0.783
KAZ,Kazakhstan,ECA,2013,0.792
KAZ,Kazakhstan,ECA,2014,0.799
KAZ,Kazakhstan,ECA,2015,0.805
KAZ,Kazakhstan,ECA,2016,0.805
KAZ,Kazakhstan,ECA,2017,0.811
KAZ,Kazakhstan,ECA,2018,0.814
KAZ,Kazakhstan,ECA,2019,0.819
KAZ,Kazakhstan,ECA,2020,0.814
KAZ,Kazakhstan,ECA,2021,0.811
KEN,Kenya,SSA,1990,0.474
KEN,Kenya,SSA,1991,0.474
KEN,Kenya,SSA,1992,0.473
KEN,Kenya,SSA,1993,0.471
KEN,Kenya,SSA,1994,0.473
KEN,Kenya,SSA,1995,0.475
KEN,Kenya,SSA,1996,0.477
KEN,Kenya,SSA,1997,0.477
KEN,Kenya,SSA,1998,0.479
KEN,Kenya,SSA,1999,0.48
KEN,Kenya,SSA,2000,0.481
KEN,Kenya,SSA,2001,0.485
KEN,Kenya,SSA,2002,0.485
KEN,Kenya,SSA,2003,0.495
KEN,Kenya,SSA,2004,0.508
KEN,Kenya,SSA,2005,0.516
KEN,Kenya,SSA,2006,0.525
KEN,Kenya,SSA,2007,0.533
KEN,Kenya,SSA,2008,0.539
KEN,Kenya,SSA,2009,0.539
KEN,Kenya,SSA,2010,0.545
KEN,Kenya,SSA,2011,0.55
KEN,Kenya,SSA,2012,0.552
KEN,Kenya,SSA,2013,0.554
KEN,Kenya,SSA,2014,0.558
KEN,Kenya,SSA,2015,0.561
KEN,Kenya,SSA,2016,0.569
KEN,Kenya,SSA,2017,0.572
KEN,Kenya,SSA,2018,0.577
KEN,Kenya,SSA,2019,0.581
KEN,Kenya,SSA,2020,0.578
KEN,Kenya,SSA,2021,0.575
KGZ,Kyrgyzstan,ECA,1990,0.638
KGZ,Kyrgyzstan,ECA,1991,0.632
KGZ,Kyrgyzstan,ECA,1992,0.622
KGZ,Kyrgyzstan,ECA,1993,0.609
KGZ,Kyrgyzstan,ECA,1994,0.591
KGZ,Kyrgyzstan,ECA,1995,0.587
KGZ,Kyrgyzstan,ECA,1996,0.594
KGZ,Kyrgyzstan,ECA,1997,0.603
KGZ,Kyrgyzstan,ECA,1998,0.609
KGZ,Kyrgyzstan,ECA,1999,0.616
KGZ,Kyrgyzstan,ECA,2000,0.621
KGZ,Kyrgyzstan,ECA,2001,0.63
KGZ,Kyrgyzstan,ECA,2002,0.631
KGZ,Kyrgyzstan,ECA,2003,0.64
KGZ,Kyrgyzstan,ECA,2004,0.643
KGZ,Kyrgyzstan,ECA,2005,0.644
KGZ,Kyrgyzstan,ECA,2006,0.65
KGZ,Kyrgyzstan,ECA,2007,0.656
KGZ,Kyrgyzstan,ECA,2008,0.66
KGZ,Kyrgyzstan,ECA,2009,0.663
KGZ,Kyrgyzstan,ECA,2010,0.664
KGZ,Kyrgyzstan,ECA,2011,0.665
KGZ,Kyrgyzstan,ECA,2012,0.675
KGZ,Kyrgyzstan,ECA,2013,0.682
KGZ,Kyrgyzstan,ECA,2014,0.688
KGZ,Kyrgyzstan,ECA,2015,0.69
KGZ,Kyrgyzstan,ECA,2016,0.693
KGZ,Kyrgyzstan,ECA,2017,0.696
KGZ,Kyrgyzstan,ECA,2018,0.698
KGZ,Kyrgyzstan,ECA,2019,0.698
KGZ,Kyrgyzstan,ECA,2020,0.689
KGZ,Kyrgyzstan,ECA,2021,0.692
KHM,Cambodia,EAP,1990,0.378
KHM,Cambodia,EAP,1991,0.383
KHM,Cambodia,EAP,1992,0.387
KHM,Cambodia,EAP,1993,0.39
KHM,Cambodia,EAP,1994,0.392
KHM,Cambodia,EAP,1995,0.397
KHM,Cambodia,EAP,1996,0.4
KHM,Cambodia,EAP,1997,0.404
KHM,Cambodia,EAP,1998,0.407
KHM,Cambodia,EAP,1999,0.416
KHM,Cambodia,EAP,2000,0.425
KHM,Cambodia,EAP,2001,0.441
KHM,Cambodia,EAP,2002,0.461
KHM,Cambodia,EAP,2003,0.475
KHM,Cambodia,EAP,2004,0.488
KHM,Cambodia,EAP,2005,0.499
KHM,Cambodia,EAP,2006,0.51
KHM,Cambodia,EAP,2007,0.521
KHM,Cambodia,EAP,2008,0.528
KHM,Cambodia,EAP,2009,0.534
KHM,Cambodia,EAP,2010,0.54
KHM,Cambodia,EAP,2011,0.548
KHM,Cambodia,EAP,2012,0.555
KHM,Cambodia,EAP,2013,0.562
KHM,Cambodia,EAP,2014,0.569
KHM,Cambodia,EAP,2015,0.574
KHM,Cambodia,EAP,2016,0.581
KHM,Cambodia,EAP,2017,0.586
KHM,Cambodia,EAP,2018,0.591
KHM,Cambodia,EAP,2019,0.598
KHM,Cambodia,EAP,2020,0.596
KHM,Cambodia,EAP,2021,0.593
KIR,Kiribati,EAP,1990,
KIR,Kiribati,EAP,1991,
KIR,Kiribati,EAP,1992,
KIR,Kiribati,EAP,1993,
KIR,Kiribati,EAP,1994,
KIR,Kiribati,EAP,1995,
KIR,Kiribati,EAP,1996,
KIR,Kiribati,EAP,1997,
KIR,Kiribati,EAP,1998,
KIR,Kiribati,EAP,1999,
KIR,Kiribati,EAP,2000,0.549
KIR,Kiribati,EAP,2001,0.59
KIR,Kiribati,EAP,2002,0.587
KIR,Kiribati,EAP,2003,0.593
KIR,Kiribati,EAP,2004,0.59
KIR,Kiribati,EAP,2005,0.591
KIR,Kiribati,EAP,2006,0.586
KIR,Kiribati,EAP,2007,0.587
KIR,Kiribati,EAP,2008,0.588
KIR,Kiribati,EAP,2009,0.585
KIR,Kiribati,EAP,2010,0.589
KIR,Kiribati,EAP,2011,0.587
KIR,Kiribati,EAP,2012,0.594
KIR,Kiribati,EAP,2013,0.602
KIR,Kiribati,EAP,2014,0.61
KIR,Kiribati,EAP,2015,0.622
KIR,Kiribati,EAP,2016,0.617
KIR,Kiribati,EAP,2017,0.621
KIR,Kiribati,EAP,2018,0.622
KIR,Kiribati,EAP,2019,0.63
KIR,Kiribati,EAP,2020,0.623
KIR,Kiribati,EAP,2021,0.624
KNA,Saint Kitts and Nevis,LAC,1990,
KNA,Saint Kitts and Nevis,LAC,1991,
KNA,Saint Kitts and Nevis,LAC,1992,
KNA,Saint Kitts and Nevis,LAC,1993,
KNA,Saint Kitts and Nevis,LAC,1994,
KNA,Saint Kitts and Nevis,LAC,1995,
KNA,Saint Kitts and Nevis,LAC,1996,
KNA,Saint Kitts and Nevis,LAC,1997,
KNA,Saint Kitts and Nevis,LAC,1998,
KNA,Saint Kitts and Nevis,LAC,1999,
KNA,Saint Kitts and Nevis,LAC,2000,
KNA,Saint Kitts and Nevis,LAC,2001,
KNA,Saint Kitts and Nevis,LAC,2002,
KNA,Saint Kitts and Nevis,LAC,2003,
KNA,Saint Kitts and Nevis,LAC,2004,
KNA,Saint Kitts and Nevis,LAC,2005,0.746
KNA,Saint Kitts and Nevis,LAC,2006,0.75
KNA,Saint Kitts and Nevis,LAC,2007,0.753
KNA,Saint Kitts and Nevis,LAC,2008,0.757
KNA,Saint Kitts and Nevis,LAC,2009,0.758
KNA,Saint Kitts and Nevis,LAC,2010,0.759
KNA,Saint Kitts and Nevis,LAC,2011,0.764
KNA,Saint Kitts and Nevis,LAC,2012,0.766
KNA,Saint Kitts and Nevis,LAC,2013,0.77
KNA,Saint Kitts and Nevis,LAC,2014,0.772
KNA,Saint Kitts and Nevis,LAC,2015,0.772
KNA,Saint Kitts and Nevis,LAC,2016,0.779
KNA,Saint Kitts and Nevis,LAC,2017,0.778
KNA,Saint Kitts and Nevis,LAC,2018,0.779
KNA,Saint Kitts and Nevis,LAC,2019,0.783
KNA,Saint Kitts and Nevis,LAC,2020,0.779
KNA,Saint Kitts and Nevis,LAC,2021,0.777
KOR,Korea (Republic of),,1990,0.737
KOR,Korea (Republic of),,1991,0.747
KOR,Korea (Republic of),,1992,0.754
KOR,Korea (Republic of),,1993,0.763
KOR,Korea (Republic of),,1994,0.773
KOR,Korea (Republic of),,1995,0.783
KOR,Korea (Republic of),,1996,0.793
KOR,Korea (Republic of),,1997,0.806
KOR,Korea (Republic of),,1998,0.804
KOR,Korea (Republic of),,1999,0.815
KOR,Korea (Republic of),,2000,0.825
KOR,Korea (Republic of),,2001,0.833
KOR,Korea (Republic of),,2002,0.84
KOR,Korea (Republic of),,2003,0.844
KOR,Korea (Republic of),,2004,0.852
KOR,Korea (Republic of),,2005,0.86
KOR,Korea (Republic of),,2006,0.866
KOR,Korea (Republic of),,2007,0.871
KOR,Korea (Republic of),,2008,0.875
KOR,Korea (Republic of),,2009,0.877
KOR,Korea (Republic of),,2010,0.89
KOR,Korea (Republic of),,2011,0.896
KOR,Korea (Republic of),,2012,0.897
KOR,Korea (Republic of),,2013,0.901
KOR,Korea (Republic of),,2014,0.906
KOR,Korea (Republic of),,2015,0.909
KOR,Korea (Republic of),,2016,0.912
KOR,Korea (Republic of),,2017,0.916
KOR,Korea (Republic of),,2018,0.919
KOR,Korea (Republic of),,2019,0.923
KOR,Korea (Republic of),,2020,0.922
KOR,Korea (Republic of),,2021,0.925
KWT,Kuwait,AS,1990,0.718
KWT,Kuwait,AS,1991,0.68
KWT,Kuwait,AS,1992,0.678
KWT,Kuwait,AS,1993,0.705
KWT,Kuwait,AS,1994,0.733
KWT,Kuwait,AS,1995,0.759
KWT,Kuwait,AS,1996,0.782
KWT,Kuwait,AS,1997,0.786
KWT,Kuwait,AS,1998,0.789
KWT,Kuwait,AS,1999,0.787
KWT,Kuwait,AS,2000,0.787
KWT,Kuwait,AS,2001,0.781
KWT,Kuwait,AS,2002,0.784
KWT,Kuwait,AS,2003,0.793
KWT,Kuwait,AS,2004,0.797
KWT,Kuwait,AS,2005,0.798
KWT,Kuwait,AS,2006,0.799
KWT,Kuwait,AS,2007,0.802
KWT,Kuwait,AS,2008,0.807
KWT,Kuwait,AS,2009,0.81
KWT,Kuwait,AS,2010,0.813
KWT,Kuwait,AS,2011,0.82
KWT,Kuwait,AS,2012,0.826
KWT,Kuwait,AS,2013,0.819
KWT,Kuwait,AS,2014,0.823
KWT,Kuwait,AS,2015,0.83
KWT,Kuwait,AS,2016,0.833
KWT,Kuwait,AS,2017,0.835
KWT,Kuwait,AS,2018,0.836
KWT,Kuwait,AS,2019,0.839
KWT,Kuwait,AS,2020,0.822
KWT,Kuwait,AS,2021,0.831
LAO,Lao People's Democratic Republic,EAP,1990,0.405
LAO,Lao People's Democratic Republic,EAP,1991,0.412
LAO,Lao People's Democratic Republic,EAP,1992,0.417
LAO,Lao People's Democratic Republic,EAP,1993,0.424
LAO,Lao People's Democratic Republic,EAP,1994,0.432
LAO,Lao People's Democratic Republic,EAP,1995,0.434
LAO,Lao People's Democratic Republic,EAP,1996,0.447
LAO,Lao People's Democratic Republic,EAP,1997,0.454
LAO,Lao People's Democratic Republic,EAP,1998,0.46
LAO,Lao People's Democratic Republic,EAP,1999,0.466
LAO,Lao People's Democratic Republic,EAP,2000,0.47
LAO,Lao People's Democratic Republic,EAP,2001,0.476
LAO,Lao People's Democratic Republic,EAP,2002,0.484
LAO,Lao People's Democratic Republic,EAP,2003,0.493
LAO,Lao People's Democratic Republic,EAP,2004,0.5
LAO,Lao People's Democratic Republic,EAP,2005,0.51
LAO,Lao People's Democratic Republic,EAP,2006,0.511
LAO,Lao People's Democratic Republic,EAP,2007,0.525
LAO,Lao People's Democratic Republic,EAP,2008,0.532
LAO,Lao People's Democratic Republic,EAP,2009,0.543
LAO,Lao People's Democratic Republic,EAP,2010,0.551
LAO,Lao People's Democratic Republic,EAP,2011,0.563
LAO,Lao People's Democratic Republic,EAP,2012,0.572
LAO,Lao People's Democratic Republic,EAP,2013,0.582
LAO,Lao People's Democratic Republic,EAP,2014,0.592
LAO,Lao People's Democratic Republic,EAP,2015,0.599
LAO,Lao People's Democratic Republic,EAP,2016,0.604
LAO,Lao People's Democratic Republic,EAP,2017,0.607
LAO,Lao People's Democratic Republic,EAP,2018,0.607
LAO,Lao People's Democratic Republic,EAP,2019,0.61
LAO,Lao People's Democratic Republic,EAP,2020,0.608
LAO,Lao People's Democratic Republic,EAP,2021,0.607
LBN,Lebanon,AS,1990,
LBN,Lebanon,AS,1991,
LBN,Lebanon,AS,1992,
LBN,Lebanon,AS,1993,
LBN,Lebanon,AS,1994,
LBN,Lebanon,AS,1995,
LBN,Lebanon,AS,1996,
LBN,Lebanon,AS,1997,
LBN,Lebanon,AS,1998,
LBN,Lebanon,AS,1999,
LBN,Lebanon,AS,2000,
LBN,Lebanon,AS,2001,
LBN,Lebanon,AS,2002,
LBN,Lebanon,AS,2003,
LBN,Lebanon,AS,2004,
LBN,Lebanon,AS,2005,0.737
LBN,Lebanon,AS,2006,0.734
LBN,Lebanon,AS,2007,0.752
LBN,Lebanon,AS,2008,0.76
LBN,Lebanon,AS,2009,0.767
LBN,Lebanon,AS,2010,0.77
LBN,Lebanon,AS,2011,0.771
LBN,Lebanon,AS,2012,0.762
LBN,Lebanon,AS,2013,0.759
LBN,Lebanon,AS,2014,0.75
LBN,Lebanon,AS,2015,0.746
LBN,Lebanon,AS,2016,0.743
LBN,Lebanon,AS,2017,0.75
LBN,Lebanon,AS,2018,0.75
LBN,Lebanon,AS,2019,0.745
LBN,Lebanon,AS,2020,0.726
LBN,Lebanon,AS,2021,0.706
LBR,Liberia,SSA,1990,
LBR,Liberia,SSA,1991,
LBR,Liberia,SSA,1992,
LBR,Liberia,SSA,1993,
LBR,Liberia,SSA,1994,
LBR,Liberia,SSA,1995,
LBR,Liberia,SSA,1996,
LBR,Liberia,SSA,1997,
LBR,Liberia,SSA,1998,
LBR,Liberia,SSA,1999,0.397
LBR,Liberia,SSA,2000,0.438
LBR,Liberia,SSA,2001,0.443
LBR,Liberia,SSA,2002,0.447
LBR,Liberia,SSA,2003,0.422
LBR,Liberia,SSA,2004,0.434
LBR,Liberia,SSA,2005,0.437
LBR,Liberia,SSA,2006,0.443
LBR,Liberia,SSA,2007,0.448
LBR,Liberia,SSA,2008,0.453
LBR,Liberia,SSA,2009,0.456
LBR,Liberia,SSA,2010,0.46
LBR,Liberia,SSA,2011,0.464
LBR,Liberia,SSA,2012,0.47
LBR,Liberia,SSA,2013,0.475
LBR,Liberia,SSA,2014,0.472
LBR,Liberia,SSA,2015,0.473
LBR,Liberia,SSA,2016,0.478
LBR,Liberia,SSA,2017,0.481
LBR,Liberia,SSA,2018,0.483
LBR,Liberia,SSA,2019,0.484
LBR,Liberia,SSA,2020,0.48
LBR,Liberia,SSA,2021,0.481
LBY,Libya,AS,1990,0.666
LBY,Libya,AS,1991,0.677
LBY,Libya,AS,1992,0.681
LBY,Libya,AS,1993,0.684
LBY,Libya,AS,1994,0.689
LBY,Libya,AS,1995,0.694
LBY,Libya,AS,1996,0.699
LBY,Libya,AS,1997,0.704
LBY,Libya,AS,1998,0.706
LBY,Libya,AS,1999,0.709
LBY,Libya,AS,2000,0.712
LBY,Libya,AS,2001,0.716
LBY,Libya,AS,2002,0.716
LBY,Libya,AS,2003,0.724
LBY,Libya,AS,2004,0.731
LBY,Libya,AS,2005,0.735
LBY,Libya,AS,2006,0.739
LBY,Libya,AS,2007,0.741
LBY,Libya,AS,2008,0.741
LBY,Libya,AS,2009,0.738
LBY,Libya,AS,2010,0.739
LBY,Libya,AS,2011,0.69
LBY,Libya,AS,2012,0.726
LBY,Libya,AS,2013,0.716
LBY,Libya,AS,2014,0.699
LBY,Libya,AS,2015,0.699
LBY,Libya,AS,2016,0.696
LBY,Libya,AS,2017,0.714
LBY,Libya,AS,2018,0.722
LBY,Libya,AS,2019,0.722
LBY,Libya,AS,2020,0.703
LBY,Libya,AS,2021,0.718
LCA,Saint Lucia,LAC,1990,0.69
LCA,Saint Lucia,LAC,1991,0.691
LCA,Saint Lucia,LAC,1992,0.695
LCA,Saint Lucia,LAC,1993,0.695
LCA,Saint Lucia,LAC,1994,0.695
LCA,Saint Lucia,LAC,1995,0.694
LCA,Saint Lucia,LAC,1996,0.696
LCA,Saint Lucia,LAC,1997,0.695
LCA,Saint Lucia,LAC,1998,0.697
LCA,Saint Lucia,LAC,1999,0.698
LCA,Saint Lucia,LAC,2000,0.698
LCA,Saint Lucia,LAC,2001,0.697
LCA,Saint Lucia,LAC,2002,0.699
LCA,Saint Lucia,LAC,2003,0.701
LCA,Saint Lucia,LAC,2004,0.704
LCA,Saint Lucia,LAC,2005,0.709
LCA,Saint Lucia,LAC,2006,0.718
LCA,Saint Lucia,LAC,2007,0.718
LCA,Saint Lucia,LAC,2008,0.723
LCA,Saint Lucia,LAC,2009,0.725
LCA,Saint Lucia,LAC,2010,0.728
LCA,Saint Lucia,LAC,2011,0.734
LCA,Saint Lucia,LAC,2012,0.734
LCA,Saint Lucia,LAC,2013,0.734
LCA,Saint Lucia,LAC,2014,0.735
LCA,Saint Lucia,LAC,2015,0.737
LCA,Saint Lucia,LAC,2016,0.744
LCA,Saint Lucia,LAC,2017,0.744
LCA,Saint Lucia,LAC,2018,0.746
LCA,Saint Lucia,LAC,2019,0.735
LCA,Saint Lucia,LAC,2020,0.723
LCA,Saint Lucia,LAC,2021,0.715
LIE,Liechtenstein,,1990,
LIE,Liechtenstein,,1991,
LIE,Liechtenstein,,1992,
LIE,Liechtenstein,,1993,
LIE,Liechtenstein,,1994,
LIE,Liechtenstein,,1995,
LIE,Liechtenstein,,1996,
LIE,Liechtenstein,,1997,
LIE,Liechtenstein,,1998,
LIE,Liechtenstein,,1999,
LIE,Liechtenstein,,2000,0.873
LIE,Liechtenstein,,2001,0.888
LIE,Liechtenstein,,2002,0.891
LIE,Liechtenstein,,2003,0.895
LIE,Liechtenstein,,2004,0.907
LIE,Liechtenstein,,2005,0.901
LIE,Liechtenstein,,2006,0.905
LIE,Liechtenstein,,2007,0.907
LIE,Liechtenstein,,2008,0.917
LIE,Liechtenstein,,2009,0.911
LIE,Liechtenstein,,2010,0.913
LIE,Liechtenstein,,2011,0.918
LIE,Liechtenstein,,2012,0.923
LIE,Liechtenstein,,2013,0.922
LIE,Liechtenstein,,2014,0.92
LIE,Liechtenstein,,2015,0.924
LIE,Liechtenstein,,2016,0.923
LIE,Liechtenstein,,2017,0.933
LIE,Liechtenstein,,2018,0.928
LIE,Liechtenstein,,2019,0.94
LIE,Liechtenstein,,2020,0.933
LIE,Liechtenstein,,2021,0.935
LKA,Sri Lanka,SA,1990,0.636
LKA,Sri Lanka,SA,1991,0.641
LKA,Sri Lanka,SA,1992,0.65
LKA,Sri Lanka,SA,1993,0.658
LKA,Sri Lanka,SA,1994,0.663
LKA,Sri Lanka,SA,1995,0.666
LKA,Sri Lanka,SA,1996,0.672
LKA,Sri Lanka,SA,1997,0.678
LKA,Sri Lanka,SA,1998,0.683
LKA,Sri Lanka,SA,1999,0.691
LKA,Sri Lanka,SA,2000,0.688
LKA,Sri Lanka,SA,2001,0.69
LKA,Sri Lanka,SA,2002,0.694
LKA,Sri Lanka,SA,2003,0.699
LKA,Sri Lanka,SA,2004,0.683
LKA,Sri Lanka,SA,2005,0.71
LKA,Sri Lanka,SA,2006,0.714
LKA,Sri Lanka,SA,2007,0.719
LKA,Sri Lanka,SA,2008,0.721
LKA,Sri Lanka,SA,2009,0.713
LKA,Sri Lanka,SA,2010,0.737
LKA,Sri Lanka,SA,2011,0.744
LKA,Sri Lanka,SA,2012,0.751
LKA,Sri Lanka,SA,2013,0.756
LKA,Sri Lanka,SA,2014,0.76
LKA,Sri Lanka,SA,2015,0.764
LKA,Sri Lanka,SA,2016,0.767
LKA,Sri Lanka,SA,2017,0.771
LKA,Sri Lanka,SA,2018,0.776
LKA,Sri Lanka,SA,2019,0.778
LKA,Sri Lanka,SA,2020,0.78
LKA,Sri Lanka,SA,2021,0.782
LSO,Lesotho,SSA,1990,0.479
LSO,Lesotho,SSA,1991,0.478
LSO,Lesotho,SSA,1992,0.476
LSO,Lesotho,SSA,1993,0.472
LSO,Lesotho,SSA,1994,0.475
LSO,Lesotho,SSA,1995,0.472
LSO,Lesotho,SSA,1996,0.467
LSO,Lesotho,SSA,1997,0.462
LSO,Lesotho,SSA,1998,0.46
LSO,Lesotho,SSA,1999,0.452
LSO,Lesotho,SSA,2000,0.452
LSO,Lesotho,SSA,2001,0.448
LSO,Lesotho,SSA,2002,0.446
LSO,Lesotho,SSA,2003,0.449
LSO,Lesotho,SSA,2004,0.448
LSO,Lesotho,SSA,2005,0.448
LSO,Lesotho,SSA,2006,0.446
LSO,Lesotho,SSA,2007,0.452
LSO,Lesotho,SSA,2008,0.457
LSO,Lesotho,SSA,2009,0.457
LSO,Lesotho,SSA,2010,0.467
LSO,Lesotho,SSA,2011,0.475
LSO,Lesotho,SSA,2012,0.486
LSO,Lesotho,SSA,2013,0.49
LSO,Lesotho,SSA,2014,0.496
LSO,Lesotho,SSA,2015,0.503
LSO,Lesotho,SSA,2016,0.514
LSO,Lesotho,SSA,2017,0.518
LSO,Lesotho,SSA,2018,0.522
LSO,Lesotho,SSA,2019,0.524
LSO,Lesotho,SSA,2020,0.521
LSO,Lesotho,SSA,2021,0.514
LTU,Lithuania,,1990,0.734
LTU,Lithuania,,1991,0.729
LTU,Lithuania,,1992,0.714
LTU,Lithuania,,1993,0.697
LTU,Lithuania,,1994,0.693
LTU,Lithuania,,1995,0.701
LTU,Lithuania,,1996,0.717
LTU,Lithuania,,1997,0.732
LTU,Lithuania,,1998,0.744
LTU,Lithuania,,1999,0.753
LTU,Lithuania,,2000,0.766
LTU,Lithuania,,2001,0.776
LTU,Lithuania,,2002,0.786
LTU,Lithuania,,2003,0.8
LTU,Lithuania,,2004,0.809
LTU,Lithuania,,2005,0.817
LTU,Lithuania,,2006,0.823
LTU,Lithuania,,2007,0.83
LTU,Lithuania,,2008,0.84
LTU,Lithuania,,2009,0.839
LTU,Lithuania,,2010,0.842
LTU,Lithuania,,2011,0.849
LTU,Lithuania,,2012,0.851
LTU,Lithuania,,2013,0.854
LTU,Lithuania,,2014,0.861
LTU,Lithuania,,2015,0.862
LTU,Lithuania,,2016,0.868
LTU,Lithuania,,2017,0.876
LTU,Lithuania,,2018,0.88
LTU,Lithuania,,2019,0.884
LTU,Lithuania,,2020,0.879
LTU,Lithuania,,2021,0.875
LUX,Luxembourg,,1990,0.786
LUX,Luxembourg,,1991,0.796
LUX,Luxembourg,,1992,0.8
LUX,Luxembourg,,1993,0.81
LUX,Luxembourg,,1994,0.819
LUX,Luxembourg,,1995,0.824
LUX,Luxembourg,,1996,0.832
LUX,Luxembourg,,1997,0.839
LUX,Luxembourg,,1998,0.846
LUX,Luxembourg,,1999,0.861
LUX,Luxembourg,,2000,0.864
LUX,Luxembourg,,2001,0.869
LUX,Luxembourg,,2002,0.874
LUX,Luxembourg,,2003,0.873
LUX,Luxembourg,,2004,0.882
LUX,Luxembourg,,2005,0.884
LUX,Luxembourg,,2006,0.885
LUX,Luxembourg,,2007,0.887
LUX,Luxembourg,,2008,0.9
LUX,Luxembourg,,2009,0.905
LUX,Luxembourg,,2010,0.912
LUX,Luxembourg,,2011,0.913
LUX,Luxembourg,,2012,0.916
LUX,Luxembourg,,2013,0.921
LUX,Luxembourg,,2014,0.926
LUX,Luxembourg,,2015,0.915
LUX,Luxembourg,,2016,0.923
LUX,Luxembourg,,2017,0.919
LUX,Luxembourg,,2018,0.922
LUX,Luxembourg,,2019,0.927
LUX,Luxembourg,,2020,0.924
LUX,Luxembourg,,2021,0.93
LVA,Latvia,,1990,0.73
LVA,Latvia,,1991,0.727
LVA,Latvia,,1992,0.706
LVA,Latvia,,1993,0.69
LVA,Latvia,,1994,0.687
LVA,Latvia,,1995,0.696
LVA,Latvia,,1996,0.711
LVA,Latvia,,1997,0.722
LVA,Latvia,,1998,0.733
LVA,Latvia,,1999,0.746
LVA,Latvia,,2000,0.756
LVA,Latvia,,2001,0.767
LVA,Latvia,,2002,0.778
LVA,Latvia,,2003,0.787
LVA,Latvia,,2004,0.799
LVA,Latvia,,2005,0.808
LVA,Latvia,,2006,0.815
LVA,Latvia,,2007,0.82
LVA,Latvia,,2008,0.827
LVA,Latvia,,2009,0.826
LVA,Latvia,,2010,0.824
LVA,Latvia,,2011,0.831
LVA,Latvia,,2012,0.833
LVA,Latvia,,2013,0.843
LVA,Latvia,,2014,0.846
LVA,Latvia,,2015,0.85
LVA,Latvia,,2016,0.855
LVA,Latvia,,2017,0.86
LVA,Latvia,,2018,0.866
LVA,Latvia,,2019,0.871
LVA,Latvia,,2020,0.871
LVA,Latvia,,2021,0.863
MAR,Morocco,AS,1990,0.447
MAR,Morocco,AS,1991,0.453
MAR,Morocco,AS,1992,0.457
MAR,Morocco,AS,1993,0.463
MAR,Morocco,AS,1994,0.475
MAR,Morocco,AS,1995,0.478
MAR,Morocco,AS,1996,0.49
MAR,Morocco,AS,1997,0.494
MAR,Morocco,AS,1998,0.501
MAR,Morocco,AS,1999,0.511
MAR,Morocco,AS,2000,0.521
MAR,Morocco,AS,2001,0.532
MAR,Morocco,AS,2002,0.542
MAR,Morocco,AS,2003,0.552
MAR,Morocco,AS,2004,0.56
MAR,Morocco,AS,2005,0.567
MAR,Morocco,AS,2006,0.573
MAR,Morocco,AS,2007,0.581
MAR,Morocco,AS,2008,0.588
MAR,Morocco,AS,2009,0.594
MAR,Morocco,AS,2010,0.603
MAR,Morocco,AS,2011,0.614
MAR,Morocco,AS,2012,0.624
MAR,Morocco,AS,2013,0.635
MAR,Morocco,AS,2014,0.644
MAR,Morocco,AS,2015,0.654
MAR,Morocco,AS,2016,0.661
MAR,Morocco,AS,2017,0.67
MAR,Morocco,AS,2018,0.676
MAR,Morocco,AS,2019,0.682
MAR,Morocco,AS,2020,0.679
MAR,Morocco,AS,2021,0.683
MCO,Monaco,,1990,
MCO,Monaco,,1991,
MCO,Monaco,,1992,
MCO,Monaco,,1993,
MCO,Monaco,,1994,
MCO,Monaco,,1995,
MCO,Monaco,,1996,
MCO,Monaco,,1997,
MCO,Monaco,,1998,
MCO,Monaco,,1999,
MCO,Monaco,,2000,
MCO,Monaco,,2001,
MCO,Monaco,,2002,
MCO,Monaco,,2003,
MCO,Monaco,,2004,
MCO,Monaco,,2005,
MCO,Monaco,,2006,
MCO,Monaco,,2007,
MCO,Monaco,,2008,
MCO,Monaco,,2009,
MCO,Monaco,,2010,
MCO,Monaco,,2011,
MCO,Monaco,,2012,
MCO,Monaco,,2013,
MCO,Monaco,,2014,
MCO,Monaco,,2015,
MCO,Monaco,,2016,
MCO,Monaco,,2017,
MCO,Monaco,,2018,
MCO,Monaco,,2019,
MCO,Monaco,,2020,
MCO,Monaco,,2021,
MDA,Moldova (Republic of),ECA,1990,0.653
MDA,Moldova (Republic of),ECA,1991,0.644
MDA,Moldova (Republic of),ECA,1992,0.632
MDA,Moldova (Republic of),ECA,1993,0.634
MDA,Moldova (Republic of),ECA,1994,0.614
MDA,Moldova (Republic of),ECA,1995,0.618
MDA,Moldova (Republic of),ECA,1996,0.617
MDA,Moldova (Republic of),ECA,1997,0.626
MDA,Moldova (Republic of),ECA,1998,0.628
MDA,Moldova (Republic of),ECA,1999,0.631
MDA,Moldova (Republic of),ECA,2000,0.641
MDA,Moldova (Republic of),ECA,2001,0.652
MDA,Moldova (Republic of),ECA,2002,0.663
MDA,Moldova (Republic of),ECA,2003,0.674
MDA,Moldova (Republic of),ECA,2004,0.685
MDA,Moldova (Republic of),ECA,2005,0.695
MDA,Moldova (Republic of),ECA,2006,0.704
MDA,Moldova (Republic of),ECA,2007,0.713
MDA,Moldova (Republic of),ECA,2008,0.723
MDA,Moldova (Republic of),ECA,2009,0.723
MDA,Moldova (Republic of),ECA,2010,0.73
MDA,Moldova (Republic of),ECA,2011,0.736
MDA,Moldova (Republic of),ECA,2012,0.741
MDA,Moldova (Republic of),ECA,2013,0.746
MDA,Moldova (Republic of),ECA,2014,0.75
MDA,Moldova (Republic of),ECA,2015,0.749
MDA,Moldova (Republic of),ECA,2016,0.756
MDA,Moldova (Republic of),ECA,2017,0.765
MDA,Moldova (Republic of),ECA,2018,0.768
MDA,Moldova (Republic of),ECA,2019,0.774
MDA,Moldova (Republic of),ECA,2020,0.766
MDA,Moldova (Republic of),ECA,2021,0.767
MDG,Madagascar,SSA,1990,
MDG,Madagascar,SSA,1991,
MDG,Madagascar,SSA,1992,
MDG,Madagascar,SSA,1993,
MDG,Madagascar,SSA,1994,
MDG,Madagascar,SSA,1995,
MDG,Madagascar,SSA,1996,
MDG,Madagascar,SSA,1997,
MDG,Madagascar,SSA,1998,
MDG,Madagascar,SSA,1999,0.436
MDG,Madagascar,SSA,2000,0.443
MDG,Madagascar,SSA,2001,0.451
MDG,Madagascar,SSA,2002,0.447
MDG,Madagascar,SSA,2003,0.457
MDG,Madagascar,SSA,2004,0.465
MDG,Madagascar,SSA,2005,0.469
MDG,Madagascar,SSA,2006,0.475
MDG,Madagascar,SSA,2007,0.482
MDG,Madagascar,SSA,2008,0.49
MDG,Madagascar,SSA,2009,0.493
MDG,Madagascar,SSA,2010,0.492
MDG,Madagascar,SSA,2011,0.494
MDG,Madagascar,SSA,2012,0.496
MDG,Madagascar,SSA,2013,0.499
MDG,Madagascar,SSA,2014,0.502
MDG,Madagascar,SSA,2015,0.504
MDG,Madagascar,SSA,2016,0.505
MDG,Madagascar,SSA,2017,0.507
MDG,Madagascar,SSA,2018,0.507
MDG,Madagascar,SSA,2019,0.51
MDG,Madagascar,SSA,2020,0.501
MDG,Madagascar,SSA,2021,0.501
MDV,Maldives,SA,1990,
MDV,Maldives,SA,1991,
MDV,Maldives,SA,1992,
MDV,Maldives,SA,1993,
MDV,Maldives,SA,1994,
MDV,Maldives,SA,1995,0.582
MDV,Maldives,SA,1996,0.593
MDV,Maldives,SA,1997,0.6
MDV,Maldives,SA,1998,0.606
MDV,Maldives,SA,1999,0.619
MDV,Maldives,SA,2000,0.628
MDV,Maldives,SA,2001,0.633
MDV,Maldives,SA,2002,0.636
MDV,Maldives,SA,2003,0.65
MDV,Maldives,SA,2004,0.65
MDV,Maldives,SA,2005,0.649
MDV,Maldives,SA,2006,0.664
MDV,Maldives,SA,2007,0.665
MDV,Maldives,SA,2008,0.677
MDV,Maldives,SA,2009,0.68
MDV,Maldives,SA,2010,0.688
MDV,Maldives,SA,2011,0.7
MDV,Maldives,SA,2012,0.709
MDV,Maldives,SA,2013,0.718
MDV,Maldives,SA,2014,0.728
MDV,Maldives,SA,2015,0.736
MDV,Maldives,SA,2016,0.741
MDV,Maldives,SA,2017,0.746
MDV,Maldives,SA,2018,0.75
MDV,Maldives,SA,2019,0.755
MDV,Maldives,SA,2020,0.734
MDV,Maldives,SA,2021,0.747
MEX,Mexico,LAC,1990,0.662
MEX,Mexico,LAC,1991,0.664
MEX,Mexico,LAC,1992,0.667
MEX,Mexico,LAC,1993,0.669
MEX,Mexico,LAC,1994,0.674
MEX,Mexico,LAC,1995,0.674
MEX,Mexico,LAC,1996,0.681
MEX,Mexico,LAC,1997,0.688
MEX,Mexico,LAC,1998,0.696
MEX,Mexico,LAC,1999,0.702
MEX,Mexico,LAC,2000,0.709
MEX,Mexico,LAC,2001,0.712
MEX,Mexico,LAC,2002,0.719
MEX,Mexico,LAC,2003,0.725
MEX,Mexico,LAC,2004,0.73
MEX,Mexico,LAC,2005,0.733
MEX,Mexico,LAC,2006,0.741
MEX,Mexico,LAC,2007,0.743
MEX,Mexico,LAC,2008,0.745
MEX,Mexico,LAC,2009,0.745
MEX,Mexico,LAC,2010,0.746
MEX,Mexico,LAC,2011,0.752
MEX,Mexico,LAC,2012,0.76
MEX,Mexico,LAC,2013,0.76
MEX,Mexico,LAC,2014,0.764
MEX,Mexico,LAC,2015,0.768
MEX,Mexico,LAC,2016,0.772
MEX,Mexico,LAC,2017,0.775
MEX,Mexico,LAC,2018,0.777
MEX,Mexico,LAC,2019,0.779
MEX,Mexico,LAC,2020,0.756
MEX,Mexico,LAC,2021,0.758
MHL,Marshall Islands,EAP,1990,
MHL,Marshall Islands,EAP,1991,
MHL,Marshall Islands,EAP,1992,
MHL,Marshall Islands,EAP,1993,
MHL,Marshall Islands,EAP,1994,
MHL,Marshall Islands,EAP,1995,
MHL,Marshall Islands,EAP,1996,
MHL,Marshall Islands,EAP,1997,
MHL,Marshall Islands,EAP,1998,
MHL,Marshall Islands,EAP,1999,
MHL,Marshall Islands,EAP,2000,
MHL,Marshall Islands,EAP,2001,
MHL,Marshall Islands,EAP,2002,
MHL,Marshall Islands,EAP,2003,
MHL,Marshall Islands,EAP,2004,
MHL,Marshall Islands,EAP,2005,
MHL,Marshall Islands,EAP,2006,
MHL,Marshall Islands,EAP,2007,
MHL,Marshall Islands,EAP,2008,
MHL,Marshall Islands,EAP,2009,
MHL,Marshall Islands,EAP,2010,
MHL,Marshall Islands,EAP,2011,0.633
MHL,Marshall Islands,EAP,2012,0.628
MHL,Marshall Islands,EAP,2013,0.632
MHL,Marshall Islands,EAP,2014,0.633
MHL,Marshall Islands,EAP,2015,0.638
MHL,Marshall Islands,EAP,2016,0.637
MHL,Marshall Islands,EAP,2017,0.638
MHL,Marshall Islands,EAP,2018,0.639
MHL,Marshall Islands,EAP,2019,0.64
MHL,Marshall Islands,EAP,2020,0.639
MHL,Marshall Islands,EAP,2021,0.639
MKD,North Macedonia,ECA,1990,
MKD,North Macedonia,ECA,1991,
MKD,North Macedonia,ECA,1992,
MKD,North Macedonia,ECA,1993,
MKD,North Macedonia,ECA,1994,
MKD,North Macedonia,ECA,1995,0.642
MKD,North Macedonia,ECA,1996,0.65
MKD,North Macedonia,ECA,1997,0.655
MKD,North Macedonia,ECA,1998,0.661
MKD,North Macedonia,ECA,1999,0.669
MKD,North Macedonia,ECA,2000,0.675
MKD,North Macedonia,ECA,2001,0.679
MKD,North Macedonia,ECA,2002,0.683
MKD,North Macedonia,ECA,2003,0.688
MKD,North Macedonia,ECA,2004,0.694
MKD,North Macedonia,ECA,2005,0.699
MKD,North Macedonia,ECA,2006,0.707
MKD,North Macedonia,ECA,2007,0.711
MKD,North Macedonia,ECA,2008,0.73
MKD,North Macedonia,ECA,2009,0.733
MKD,North Macedonia,ECA,2010,0.738
MKD,North Macedonia,ECA,2011,0.741
MKD,North Macedonia,ECA,2012,0.743
MKD,North Macedonia,ECA,2013,0.75
MKD,North Macedonia,ECA,2014,0.755
MKD,North Macedonia,ECA,2015,0.762
MKD,North Macedonia,ECA,2016,0.767
MKD,North Macedonia,ECA,2017,0.773
MKD,North Macedonia,ECA,2018,0.779
MKD,North Macedonia,ECA,2019,0.784
MKD,North Macedonia,ECA,2020,0.774
MKD,North Macedonia,ECA,2021,0.77
MLI,Mali,SSA,1990,0.237
MLI,Mali,SSA,1991,0.245
MLI,Mali,SSA,1992,0.249
MLI,Mali,SSA,1993,0.257
MLI,Mali,SSA,1994,0.264
MLI,Mali,SSA,1995,0.27
MLI,Mali,SSA,1996,0.277
MLI,Mali,SSA,1997,0.289
MLI,Mali,SSA,1998,0.299
MLI,Mali,SSA,1999,0.311
MLI,Mali,SSA,2000,0.317
MLI,Mali,SSA,2001,0.329
MLI,Mali,SSA,2002,0.338
MLI,Mali,SSA,2003,0.35
MLI,Mali,SSA,2004,0.357
MLI,Mali,SSA,2005,0.366
MLI,Mali,SSA,2006,0.375
MLI,Mali,SSA,2007,0.382
MLI,Mali,SSA,2008,0.39
MLI,Mali,SSA,2009,0.397
MLI,Mali,SSA,2010,0.404
MLI,Mali,SSA,2011,0.409
MLI,Mali,SSA,2012,0.407
MLI,Mali,SSA,2013,0.407
MLI,Mali,SSA,2014,0.415
MLI,Mali,SSA,2015,0.416
MLI,Mali,SSA,2016,0.421
MLI,Mali,SSA,2017,0.426
MLI,Mali,SSA,2018,0.43
MLI,Mali,SSA,2019,0.433
MLI,Mali,SSA,2020,0.427
MLI,Mali,SSA,2021,0.428
MLT,Malta,,1990,0.73
MLT,Malta,,1991,0.733
MLT,Malta,,1992,0.737
MLT,Malta,,1993,0.747
MLT,Malta,,1994,0.751
MLT,Malta,,1995,0.758
MLT,Malta,,1996,0.756
MLT,Malta,,1997,0.766
MLT,Malta,,1998,0.776
MLT,Malta,,1999,0.78
MLT,Malta,,2000,0.779
MLT,Malta,,2001,0.796
MLT,Malta,,2002,0.8
MLT,Malta,,2003,0.812
MLT,Malta,,2004,0.825
MLT,Malta,,2005,0.832
MLT,Malta,,2006,0.831
MLT,Malta,,2007,0.837
MLT,Malta,,2008,0.841
MLT,Malta,,2009,0.847
MLT,Malta,,2010,0.861
MLT,Malta,,2011,0.857
MLT,Malta,,2012,0.864
MLT,Malta,,2013,0.872
MLT,Malta,,2014,0.881
MLT,Malta,,2015,0.889
MLT,Malta,,2016,0.891
MLT,Malta,,2017,0.901
MLT,Malta,,2018,0.91
MLT,Malta,,2019,0.915
MLT,Malta,,2020,0.911
MLT,Malta,,2021,0.918
MMR,Myanmar,EAP,1990,0.333
MMR,Myanmar,EAP,1991,0.343
MMR,Myanmar,EAP,1992,0.356
MMR,Myanmar,EAP,1993,0.363
MMR,Myanmar,EAP,1994,0.369
MMR,Myanmar,EAP,1995,0.374
MMR,Myanmar,EAP,1996,0.381
MMR,Myanmar,EAP,1997,0.385
MMR,Myanmar,EAP,1998,0.392
MMR,Myanmar,EAP,1999,0.401
MMR,Myanmar,EAP,2000,0.41
MMR,Myanmar,EAP,2001,0.42
MMR,Myanmar,EAP,2002,0.43
MMR,Myanmar,EAP,2003,0.44
MMR,Myanmar,EAP,2004,0.45
MMR,Myanmar,EAP,2005,0.46
MMR,Myanmar,EAP,2006,0.47
MMR,Myanmar,EAP,2007,0.48
MMR,Myanmar,EAP,2008,0.465
MMR,Myanmar,EAP,2009,0.501
MMR,Myanmar,EAP,2010,0.51
MMR,Myanmar,EAP,2011,0.521
MMR,Myanmar,EAP,2012,0.531
MMR,Myanmar,EAP,2013,0.543
MMR,Myanmar,EAP,2014,0.553
MMR,Myanmar,EAP,2015,0.562
MMR,Myanmar,EAP,2016,0.572
MMR,Myanmar,EAP,2017,0.58
MMR,Myanmar,EAP,2018,0.59
MMR,Myanmar,EAP,2019,0.598
MMR,Myanmar,EAP,2020,0.6
MMR,Myanmar,EAP,2021,0.585
MNE,Montenegro,ECA,1990,
MNE,Montenegro,ECA,1991,
MNE,Montenegro,ECA,1992,
MNE,Montenegro,ECA,1993,
MNE,Montenegro,ECA,1994,
MNE,Montenegro,ECA,1995,
MNE,Montenegro,ECA,1996,
MNE,Montenegro,ECA,1997,
MNE,Montenegro,ECA,1998,
MNE,Montenegro,ECA,1999,
MNE,Montenegro,ECA,2000,
MNE,Montenegro,ECA,2001,
MNE,Montenegro,ECA,2002,
MNE,Montenegro,ECA,2003,0.756
MNE,Montenegro,ECA,2004,0.764
MNE,Montenegro,ECA,2005,0.767
MNE,Montenegro,ECA,2006,0.776
MNE,Montenegro,ECA,2007,0.787
MNE,Montenegro,ECA,2008,0.8
MNE,Montenegro,ECA,2009,0.8
MNE,Montenegro,ECA,2010,0.808
MNE,Montenegro,ECA,2011,0.811
MNE,Montenegro,ECA,2012,0.812
MNE,Montenegro,ECA,2013,0.817
MNE,Montenegro,ECA,2014,0.819
MNE,Montenegro,ECA,2015,0.822
MNE,Montenegro,ECA,2016,0.824
MNE,Montenegro,ECA,2017,0.83
MNE,Montenegro,ECA,2018,0.834
MNE,Montenegro,ECA,2019,0.837
MNE,Montenegro,ECA,2020,0.826
MNE,Montenegro,ECA,2021,0.832
MNG,Mongolia,EAP,1990,0.579
MNG,Mongolia,EAP,1991,0.575
MNG,Mongolia,EAP,1992,0.564
MNG,Mongolia,EAP,1993,0.551
MNG,Mongolia,EAP,1994,0.555
MNG,Mongolia,EAP,1995,0.56
MNG,Mongolia,EAP,1996,0.564
MNG,Mongolia,EAP,1997,0.572
MNG,Mongolia,EAP,1998,0.583
MNG,Mongolia,EAP,1999,0.591
MNG,Mongolia,EAP,2000,0.598
MNG,Mongolia,EAP,2001,0.609
MNG,Mongolia,EAP,2002,0.617
MNG,Mongolia,EAP,2003,0.631
MNG,Mongolia,EAP,2004,0.647
MNG,Mongolia,EAP,2005,0.658
MNG,Mongolia,EAP,2006,0.669
MNG,Mongolia,EAP,2007,0.68
MNG,Mongolia,EAP,2008,0.691
MNG,Mongolia,EAP,2009,0.695
MNG,Mongolia,EAP,2010,0.701
MNG,Mongolia,EAP,2011,0.709
MNG,Mongolia,EAP,2012,0.718
MNG,Mongolia,EAP,2013,0.726
MNG,Mongolia,EAP,2014,0.729
MNG,Mongolia,EAP,2015,0.732
MNG,Mongolia,EAP,2016,0.733
MNG,Mongolia,EAP,2017,0.732
MNG,Mongolia,EAP,2018,0.743
MNG,Mongolia,EAP,2019,0.746
MNG,Mongolia,EAP,2020,0.745
MNG,Mongolia,EAP,2021,0.739
MOZ,Mozambique,SSA,1990,0.238
MOZ,Mozambique,SSA,1991,0.24
MOZ,Mozambique,SSA,1992,0.234
MOZ,Mozambique,SSA,1993,0.239
MOZ,Mozambique,SSA,1994,0.242
MOZ,Mozambique,SSA,1995,0.247
MOZ,Mozambique,SSA,1996,0.259
MOZ,Mozambique,SSA,1997,0.272
MOZ,Mozambique,SSA,1998,0.283
MOZ,Mozambique,SSA,1999,0.296
MOZ,Mozambique,SSA,2000,0.303
MOZ,Mozambique,SSA,2001,0.316
MOZ,Mozambique,SSA,2002,0.324
MOZ,Mozambique,SSA,2003,0.337
MOZ,Mozambique,SSA,2004,0.347
MOZ,Mozambique,SSA,2005,0.357
MOZ,Mozambique,SSA,2006,0.364
MOZ,Mozambique,SSA,2007,0.377
MOZ,Mozambique,SSA,2008,0.387
MOZ,Mozambique,SSA,2009,0.395
MOZ,Mozambique,SSA,2010,0.402
MOZ,Mozambique,SSA,2011,0.407
MOZ,Mozambique,SSA,2012,0.413
MOZ,Mozambique,SSA,2013,0.427
MOZ,Mozambique,SSA,2014,0.433
MOZ,Mozambique,SSA,2015,0.44
MOZ,Mozambique,SSA,2016,0.443
MOZ,Mozambique,SSA,2017,0.445
MOZ,Mozambique,SSA,2018,0.451
MOZ,Mozambique,SSA,2019,0.456
MOZ,Mozambique,SSA,2020,0.453
MOZ,Mozambique,SSA,2021,0.446
MRT,Mauritania,SSA,1990,0.397
MRT,Mauritania,SSA,1991,0.402
MRT,Mauritania,SSA,1992,0.411
MRT,Mauritania,SSA,1993,0.423
MRT,Mauritania,SSA,1994,0.435
MRT,Mauritania,SSA,1995,0.441
MRT,Mauritania,SSA,1996,0.449
MRT,Mauritania,SSA,1997,0.45
MRT,Mauritania,SSA,1998,0.459
MRT,Mauritania,SSA,1999,0.465
MRT,Mauritania,SSA,2000,0.465
MRT,Mauritania,SSA,2001,0.466
MRT,Mauritania,SSA,2002,0.47
MRT,Mauritania,SSA,2003,0.475
MRT,Mauritania,SSA,2004,0.486
MRT,Mauritania,SSA,2005,0.49
MRT,Mauritania,SSA,2006,0.5
MRT,Mauritania,SSA,2007,0.499
MRT,Mauritania,SSA,2008,0.499
MRT,Mauritania,SSA,2009,0.508
MRT,Mauritania,SSA,2010,0.51
MRT,Mauritania,SSA,2011,0.515
MRT,Mauritania,SSA,2012,0.523
MRT,Mauritania,SSA,2013,0.531
MRT,Mauritania,SSA,2014,0.537
MRT,Mauritania,SSA,2015,0.544
MRT,Mauritania,SSA,2016,0.541
MRT,Mauritania,SSA,2017,0.545
MRT,Mauritania,SSA,2018,0.556
MRT,Mauritania,SSA,2019,0.563
MRT,Mauritania,SSA,2020,0.556
MRT,Mauritania,SSA,2021,0.556
MUS,Mauritius,SSA,1990,0.626
MUS,Mauritius,SSA,1991,0.633
MUS,Mauritius,SSA,1992,0.639
MUS,Mauritius,SSA,1993,0.643
MUS,Mauritius,SSA,1994,0.646
MUS,Mauritius,SSA,1995,0.651
MUS,Mauritius,SSA,1996,0.654
MUS,Mauritius,SSA,1997,0.66
MUS,Mauritius,SSA,1998,0.667
MUS,Mauritius,SSA,1999,0.674
MUS,Mauritius,SSA,2000,0.681
MUS,Mauritius,SSA,2001,0.69
MUS,Mauritius,SSA,2002,0.694
MUS,Mauritius,SSA,2003,0.703
MUS,Mauritius,SSA,2004,0.71
MUS,Mauritius,SSA,2005,0.719
MUS,Mauritius,SSA,2006,0.726
MUS,Mauritius,SSA,2007,0.734
MUS,Mauritius,SSA,2008,0.741
MUS,Mauritius,SSA,2009,0.749
MUS,Mauritius,SSA,2010,0.755
MUS,Mauritius,SSA,2011,0.762
MUS,Mauritius,SSA,2012,0.775
MUS,Mauritius,SSA,2013,0.782
MUS,Mauritius,SSA,2014,0.793
MUS,Mauritius,SSA,2015,0.795
MUS,Mauritius,SSA,2016,0.801
MUS,Mauritius,SSA,2017,0.805
MUS,Mauritius,SSA,2018,0.811
MUS,Mauritius,SSA,2019,0.817
MUS,Mauritius,SSA,2020,0.804
MUS,Mauritius,SSA,2021,0.802
MWI,Malawi,SSA,1990,0.303
MWI,Malawi,SSA,1991,0.309
MWI,Malawi,SSA,1992,0.319
MWI,Malawi,SSA,1993,0.327
MWI,Malawi,SSA,1994,0.326
MWI,Malawi,SSA,1995,0.367
MWI,Malawi,SSA,1996,0.368
MWI,Malawi,SSA,1997,0.369
MWI,Malawi,SSA,1998,0.369
MWI,Malawi,SSA,1999,0.375
MWI,Malawi,SSA,2000,0.374
MWI,Malawi,SSA,2001,0.38
MWI,Malawi,SSA,2002,0.386
MWI,Malawi,SSA,2003,0.393
MWI,Malawi,SSA,2004,0.4
MWI,Malawi,SSA,2005,0.406
MWI,Malawi,SSA,2006,0.415
MWI,Malawi,SSA,2007,0.423
MWI,Malawi,SSA,2008,0.433
MWI,Malawi,SSA,2009,0.445
MWI,Malawi,SSA,2010,0.456
MWI,Malawi,SSA,2011,0.463
MWI,Malawi,SSA,2012,0.47
MWI,Malawi,SSA,2013,0.478
MWI,Malawi,SSA,2014,0.487
MWI,Malawi,SSA,2015,0.491
MWI,Malawi,SSA,2016,0.498
MWI,Malawi,SSA,2017,0.505
MWI,Malawi,SSA,2018,0.51
MWI,Malawi,SSA,2019,0.519
MWI,Malawi,SSA,2020,0.516
MWI,Malawi,SSA,2021,0.512
MYS,Malaysia,EAP,1990,0.64
MYS,Malaysia,EAP,1991,0.648
MYS,Malaysia,EAP,1992,0.656
MYS,Malaysia,EAP,1993,0.663
MYS,Malaysia,EAP,1994,0.671
MYS,Malaysia,EAP,1995,0.679
MYS,Malaysia,EAP,1996,0.689
MYS,Malaysia,EAP,1997,0.7
MYS,Malaysia,EAP,1998,0.703
MYS,Malaysia,EAP,1999,0.709
MYS,Malaysia,EAP,2000,0.721
MYS,Malaysia,EAP,2001,0.722
MYS,Malaysia,EAP,2002,0.724
MYS,Malaysia,EAP,2003,0.732
MYS,Malaysia,EAP,2004,0.735
MYS,Malaysia,EAP,2005,0.732
MYS,Malaysia,EAP,2006,0.736
MYS,Malaysia,EAP,2007,0.747
MYS,Malaysia,EAP,2008,0.756
MYS,Malaysia,EAP,2009,0.762
MYS,Malaysia,EAP,2010,0.769
MYS,Malaysia,EAP,2011,0.773
MYS,Malaysia,EAP,2012,0.78
MYS,Malaysia,EAP,2013,0.785
MYS,Malaysia,EAP,2014,0.792
MYS,Malaysia,EAP,2015,0.797
MYS,Malaysia,EAP,2016,0.803
MYS,Malaysia,EAP,2017,0.805
MYS,Malaysia,EAP,2018,0.807
MYS,Malaysia,EAP,2019,0.81
MYS,Malaysia,EAP,2020,0.806
MYS,Malaysia,EAP,2021,0.803
NAM,Namibia,SSA,1990,0.579
NAM,Namibia,SSA,1991,0.585
NAM,Namibia,SSA,1992,0.588
NAM,Namibia,SSA,1993,0.588
NAM,Namibia,SSA,1994,0.587
NAM,Namibia,SSA,1995,0.582
NAM,Namibia,SSA,1996,0.571
NAM,Namibia,SSA,1997,0.562
NAM,Namibia,SSA,1998,0.557
NAM,Namibia,SSA,1999,0.548
NAM,Namibia,SSA,2000,0.546
NAM,Namibia,SSA,2001,0.543
NAM,Namibia,SSA,2002,0.545
NAM,Namibia,SSA,2003,0.548
NAM,Namibia,SSA,2004,0.552
NAM,Namibia,SSA,2005,0.555
NAM,Namibia,SSA,2006,0.561
NAM,Namibia,SSA,2007,0.569
NAM,Namibia,SSA,2008,0.576
NAM,Namibia,SSA,2009,0.581
NAM,Namibia,SSA,2010,0.585
NAM,Namibia,SSA,2011,0.592
NAM,Namibia,SSA,2012,0.601
NAM,Namibia,SSA,2013,0.611
NAM,Namibia,SSA,2014,0.621
NAM,Namibia,SSA,2015,0.628
NAM,Namibia,SSA,2016,0.632
NAM,Namibia,SSA,2017,0.635
NAM,Namibia,SSA,2018,0.636
NAM,Namibia,SSA,2019,0.639
NAM,Namibia,SSA,2020,0.633
NAM,Namibia,SSA,2021,0.615
NER,Niger,SSA,1990,0.216
NER,Niger,SSA,1991,0.218
NER,Niger,SSA,1992,0.222
NER,Niger,SSA,1993,0.227
NER,Niger,SSA,1994,0.232
NER,Niger,SSA,1995,0.238
NER,Niger,SSA,1996,0.243
NER,Niger,SSA,1997,0.248
NER,Niger,SSA,1998,0.256
NER,Niger,SSA,1999,0.259
NER,Niger,SSA,2000,0.262
NER,Niger,SSA,2001,0.268
NER,Niger,SSA,2002,0.274
NER,Niger,SSA,2003,0.278
NER,Niger,SSA,2004,0.289
NER,Niger,SSA,2005,0.298
NER,Niger,SSA,2006,0.306
NER,Niger,SSA,2007,0.311
NER,Niger,SSA,2008,0.32
NER,Niger,SSA,2009,0.327
NER,Niger,SSA,2010,0.338
NER,Niger,SSA,2011,0.346
NER,Niger,SSA,2012,0.354
NER,Niger,SSA,2013,0.362
NER,Niger,SSA,2014,0.37
NER,Niger,SSA,2015,0.376
NER,Niger,SSA,2016,0.383
NER,Niger,SSA,2017,0.39
NER,Niger,SSA,2018,0.399
NER,Niger,SSA,2019,0.406
NER,Niger,SSA,2020,0.401
NER,Niger,SSA,2021,0.4
NGA,Nigeria,SSA,1990,
NGA,Nigeria,SSA,1991,
NGA,Nigeria,SSA,1992,
NGA,Nigeria,SSA,1993,
NGA,Nigeria,SSA,1994,
NGA,Nigeria,SSA,1995,
NGA,Nigeria,SSA,1996,
NGA,Nigeria,SSA,1997,
NGA,Nigeria,SSA,1998,
NGA,Nigeria,SSA,1999,
NGA,Nigeria,SSA,2000,
NGA,Nigeria,SSA,2001,
NGA,Nigeria,SSA,2002,
NGA,Nigeria,SSA,2003,0.45
NGA,Nigeria,SSA,2004,0.462
NGA,Nigeria,SSA,2005,0.469
NGA,Nigeria,SSA,2006,0.477
NGA,Nigeria,SSA,2007,0.48
NGA,Nigeria,SSA,2008,0.484
NGA,Nigeria,SSA,2009,0.484
NGA,Nigeria,SSA,2010,0.482
NGA,Nigeria,SSA,2011,0.492
NGA,Nigeria,SSA,2012,0.499
NGA,Nigeria,SSA,2013,0.506
NGA,Nigeria,SSA,2014,0.512
NGA,Nigeria,SSA,2015,0.516
NGA,Nigeria,SSA,2016,0.521
NGA,Nigeria,SSA,2017,0.526
NGA,Nigeria,SSA,2018,0.531
NGA,Nigeria,SSA,2019,0.538
NGA,Nigeria,SSA,2020,0.535
NGA,Nigeria,SSA,2021,0.535
NIC,Nicaragua,LAC,1990,0.49
NIC,Nicaragua,LAC,1991,0.5
NIC,Nicaragua,LAC,1992,0.505
NIC,Nicaragua,LAC,1993,0.508
NIC,Nicaragua,LAC,1994,0.513
NIC,Nicaragua,LAC,1995,0.522
NIC,Nicaragua,LAC,1996,0.532
NIC,Nicaragua,LAC,1997,0.542
NIC,Nicaragua,LAC,1998,0.544
NIC,Nicaragua,LAC,1999,0.559
NIC,Nicaragua,LAC,2000,0.566
NIC,Nicaragua,LAC,2001,0.571
NIC,Nicaragua,LAC,2002,0.575
NIC,Nicaragua,LAC,2003,0.578
NIC,Nicaragua,LAC,2004,0.582
NIC,Nicaragua,LAC,2005,0.588
NIC,Nicaragua,LAC,2006,0.593
NIC,Nicaragua,LAC,2007,0.599
NIC,Nicaragua,LAC,2008,0.605
NIC,Nicaragua,LAC,2009,0.606
NIC,Nicaragua,LAC,2010,0.614
NIC,Nicaragua,LAC,2011,0.622
NIC,Nicaragua,LAC,2012,0.629
NIC,Nicaragua,LAC,2013,0.634
NIC,Nicaragua,LAC,2014,0.641
NIC,Nicaragua,LAC,2015,0.647
NIC,Nicaragua,LAC,2016,0.653
NIC,Nicaragua,LAC,2017,0.659
NIC,Nicaragua,LAC,2018,0.662
NIC,Nicaragua,LAC,2019,0.664
NIC,Nicaragua,LAC,2020,0.654
NIC,Nicaragua,LAC,2021,0.667
NLD,Netherlands,,1990,0.847
NLD,Netherlands,,1991,0.852
NLD,Netherlands,,1992,0.853
NLD,Netherlands,,1993,0.855
NLD,Netherlands,,1994,0.881
NLD,Netherlands,,1995,0.878
NLD,Netherlands,,1996,0.882
NLD,Netherlands,,1997,0.883
NLD,Netherlands,,1998,0.886
NLD,Netherlands,,1999,0.888
NLD,Netherlands,,2000,0.893
NLD,Netherlands,,2001,0.895
NLD,Netherlands,,2002,0.892
NLD,Netherlands,,2003,0.894
NLD,Netherlands,,2004,0.897
NLD,Netherlands,,2005,0.899
NLD,Netherlands,,2006,0.906
NLD,Netherlands,,2007,0.912
NLD,Netherlands,,2008,0.912
NLD,Netherlands,,2009,0.913
NLD,Netherlands,,2010,0.917
NLD,Netherlands,,2011,0.927
NLD,Netherlands,,2012,0.927
NLD,Netherlands,,2013,0.929
NLD,Netherlands,,2014,0.931
NLD,Netherlands,,2015,0.932
NLD,Netherlands,,2016,0.933
NLD,Netherlands,,2017,0.937
NLD,Netherlands,,2018,0.939
NLD,Netherlands,,2019,0.943
NLD,Netherlands,,2020,0.939
NLD,Netherlands,,2021,0.941
NOR,Norway,,1990,0.838
NOR,Norway,,1991,0.845
NOR,Norway,,1992,0.851
NOR,Norway,,1993,0.858
NOR,Norway,,1994,0.873
NOR,Norway,,1995,0.871
NOR,Norway,,1996,0.879
NOR,Norway,,1997,0.885
NOR,Norway,,1998,0.895
NOR,Norway,,1999,0.901
NOR,Norway,,2000,0.913
NOR,Norway,,2001,0.911
NOR,Norway,,2002,0.912
NOR,Norway,,2003,0.919
NOR,Norway,,2004,0.927
NOR,Norway,,2005,0.931
NOR,Norway,,2006,0.937
NOR,Norway,,2007,0.938
NOR,Norway,,2008,0.94
NOR,Norway,,2009,0.936
NOR,Norway,,2010,0.941
NOR,Norway,,2011,0.944
NOR,Norway,,2012,0.946
NOR,Norway,,2013,0.949
NOR,Norway,,2014,0.952
NOR,Norway,,2015,0.953
NOR,Norway,,2016,0.955
NOR,Norway,,2017,0.959
NOR,Norway,,2018,0.962
NOR,Norway,,2019,0.961
NOR,Norway,,2020,0.959
NOR,Norway,,2021,0.961
NPL,Nepal,SA,1990,0.399
NPL,Nepal,SA,1991,0.408
NPL,Nepal,SA,1992,0.416
NPL,Nepal,SA,1993,0.421
NPL,Nepal,SA,1994,0.428
NPL,Nepal,SA,1995,0.433
NPL,Nepal,SA,1996,0.442
NPL,Nepal,SA,1997,0.449
NPL,Nepal,SA,1998,0.455
NPL,Nepal,SA,1999,0.461
NPL,Nepal,SA,2000,0.467
NPL,Nepal,SA,2001,0.469
NPL,Nepal,SA,2002,0.476
NPL,Nepal,SA,2003,0.482
NPL,Nepal,SA,2004,0.489
NPL,Nepal,SA,2005,0.495
NPL,Nepal,SA,2006,0.505
NPL,Nepal,SA,2007,0.509
NPL,Nepal,SA,2008,0.518
NPL,Nepal,SA,2009,0.53
NPL,Nepal,SA,2010,0.543
NPL,Nepal,SA,2011,0.553
NPL,Nepal,SA,2012,0.561
NPL,Nepal,SA,2013,0.57
NPL,Nepal,SA,2014,0.576
NPL,Nepal,SA,2015,0.579
NPL,Nepal,SA,2016,0.586
NPL,Nepal,SA,2017,0.594
NPL,Nepal,SA,2018,0.601
NPL,Nepal,SA,2019,0.611
NPL,Nepal,SA,2020,0.604
NPL,Nepal,SA,2021,0.602
NRU,Nauru,EAP,1990,
NRU,Nauru,EAP,1991,
NRU,Nauru,EAP,1992,
NRU,Nauru,EAP,1993,
NRU,Nauru,EAP,1994,
NRU,Nauru,EAP,1995,
NRU,Nauru,EAP,1996,
NRU,Nauru,EAP,1997,
NRU,Nauru,EAP,1998,
NRU,Nauru,EAP,1999,
NRU,Nauru,EAP,2000,
NRU,Nauru,EAP,2001,
NRU,Nauru,EAP,2002,
NRU,Nauru,EAP,2003,
NRU,Nauru,EAP,2004,
NRU,Nauru,EAP,2005,
NRU,Nauru,EAP,2006,
NRU,Nauru,EAP,2007,
NRU,Nauru,EAP,2008,
NRU,Nauru,EAP,2009,
NRU,Nauru,EAP,2010,
NRU,Nauru,EAP,2011,
NRU,Nauru,EAP,2012,
NRU,Nauru,EAP,2013,
NRU,Nauru,EAP,2014,
NRU,Nauru,EAP,2015,
NRU,Nauru,EAP,2016,
NRU,Nauru,EAP,2017,
NRU,Nauru,EAP,2018,
NRU,Nauru,EAP,2019,
NRU,Nauru,EAP,2020,
NRU,Nauru,EAP,2021,
NZL,New Zealand,,1990,0.806
NZL,New Zealand,,1991,0.811
NZL,New Zealand,,1992,0.818
NZL,New Zealand,,1993,0.833
NZL,New Zealand,,1994,0.846
NZL,New Zealand,,1995,0.853
NZL,New Zealand,,1996,0.857
NZL,New Zealand,,1997,0.865
NZL,New Zealand,,1998,0.874
NZL,New Zealand,,1999,0.878
NZL,New Zealand,,2000,0.887
NZL,New Zealand,,2001,0.894
NZL,New Zealand,,2002,0.897
NZL,New Zealand,,2003,0.903
NZL,New Zealand,,2004,0.906
NZL,New Zealand,,2005,0.912
NZL,New Zealand,,2006,0.913
NZL,New Zealand,,2007,0.916
NZL,New Zealand,,2008,0.915
NZL,New Zealand,,2009,0.919
NZL,New Zealand,,2010,0.922
NZL,New Zealand,,2011,0.922
NZL,New Zealand,,2012,0.924
NZL,New Zealand,,2013,0.929
NZL,New Zealand,,2014,0.93
NZL,New Zealand,,2015,0.931
NZL,New Zealand,,2016,0.934
NZL,New Zealand,,2017,0.935
NZL,New Zealand,,2018,0.936
NZL,New Zealand,,2019,0.937
NZL,New Zealand,,2020,0.936
NZL,New Zealand,,2021,0.937
OMN,Oman,AS,1990,
OMN,Oman,AS,1991,
OMN,Oman,AS,1992,
OMN,Oman,AS,1993,
OMN,Oman,AS,1994,
OMN,Oman,AS,1995,
OMN,Oman,AS,1996,
OMN,Oman,AS,1997,
OMN,Oman,AS,1998,
OMN,Oman,AS,1999,
OMN,Oman,AS,2000,0.705
OMN,Oman,AS,2001,0.716
OMN,Oman,AS,2002,0.723
OMN,Oman,AS,2003,0.731
OMN,Oman,AS,2004,0.739
OMN,Oman,AS,2005,0.745
OMN,Oman,AS,2006,0.753
OMN,Oman,AS,2007,0.762
OMN,Oman,AS,2008,0.772
OMN,Oman,AS,2009,0.783
OMN,Oman,AS,2010,0.788
OMN,Oman,AS,2011,0.793
OMN,Oman,AS,2012,0.802
OMN,Oman,AS,2013,0.809
OMN,Oman,AS,2014,0.814
OMN,Oman,AS,2015,0.823
OMN,Oman,AS,2016,0.833
OMN,Oman,AS,2017,0.831
OMN,Oman,AS,2018,0.834
OMN,Oman,AS,2019,0.839
OMN,Oman,AS,2020,0.827
OMN,Oman,AS,2021,0.816
PAK,Pakistan,SA,1990,0.4
PAK,Pakistan,SA,1991,0.404
PAK,Pakistan,SA,1992,0.409
PAK,Pakistan,SA,1993,0.41
PAK,Pakistan,SA,1994,0.414
PAK,Pakistan,SA,1995,0.417
PAK,Pakistan,SA,1996,0.423
PAK,Pakistan,SA,1997,0.425
PAK,Pakistan,SA,1998,0.43
PAK,Pakistan,SA,1999,0.435
PAK,Pakistan,SA,2000,0.441
PAK,Pakistan,SA,2001,0.448
PAK,Pakistan,SA,2002,0.454
PAK,Pakistan,SA,2003,0.462
PAK,Pakistan,SA,2004,0.475
PAK,Pakistan,SA,2005,0.484
PAK,Pakistan,SA,2006,0.493
PAK,Pakistan,SA,2007,0.499
PAK,Pakistan,SA,2008,0.498
PAK,Pakistan,SA,2009,0.502
PAK,Pakistan,SA,2010,0.505
PAK,Pakistan,SA,2011,0.508
PAK,Pakistan,SA,2012,0.513
PAK,Pakistan,SA,2013,0.518
PAK,Pakistan,SA,2014,0.527
PAK,Pakistan,SA,2015,0.534
PAK,Pakistan,SA,2016,0.541
PAK,Pakistan,SA,2017,0.543
PAK,Pakistan,SA,2018,0.545
PAK,Pakistan,SA,2019,0.546
PAK,Pakistan,SA,2020,0.543
PAK,Pakistan,SA,2021,0.544
PAN,Panama,LAC,1990,0.669
PAN,Panama,LAC,1991,0.672
PAN,Panama,LAC,1992,0.678
PAN,Panama,LAC,1993,0.685
PAN,Panama,LAC,1994,0.687
PAN,Panama,LAC,1995,0.69
PAN,Panama,LAC,1996,0.697
PAN,Panama,LAC,1997,0.703
PAN,Panama,LAC,1998,0.71
PAN,Panama,LAC,1999,0.715
PAN,Panama,LAC,2000,0.721
PAN,Panama,LAC,2001,0.726
PAN,Panama,LAC,2002,0.733
PAN,Panama,LAC,2003,0.737
PAN,Panama,LAC,2004,0.743
PAN,Panama,LAC,2005,0.749
PAN,Panama,LAC,2006,0.754
PAN,Panama,LAC,2007,0.763
PAN,Panama,LAC,2008,0.767
PAN,Panama,LAC,2009,0.769
PAN,Panama,LAC,2010,0.773
PAN,Panama,LAC,2011,0.779
PAN,Panama,LAC,2012,0.785
PAN,Panama,LAC,2013,0.79
PAN,Panama,LAC,2014,0.794
PAN,Panama,LAC,2015,0.8
PAN,Panama,LAC,2016,0.805
PAN,Panama,LAC,2017,0.811
PAN,Panama,LAC,2018,0.814
PAN,Panama,LAC,2019,0.817
PAN,Panama,LAC,2020,0.801
PAN,Panama,LAC,2021,0.805
PER,Peru,LAC,1990,0.621
PER,Peru,LAC,1991,0.625
PER,Peru,LAC,1992,0.625
PER,Peru,LAC,1993,0.629
PER,Peru,LAC,1994,0.639
PER,Peru,LAC,1995,0.647
PER,Peru,LAC,1996,0.651
PER,Peru,LAC,1997,0.656
PER,Peru,LAC,1998,0.664
PER,Peru,LAC,1999,0.673
PER,Peru,LAC,2000,0.676
PER,Peru,LAC,2001,0.684
PER,Peru,LAC,2002,0.685
PER,Peru,LAC,2003,0.684
PER,Peru,LAC,2004,0.69
PER,Peru,LAC,2005,0.686
PER,Peru,LAC,2006,0.691
PER,Peru,LAC,2007,0.7
PER,Peru,LAC,2008,0.708
PER,Peru,LAC,2009,0.711
PER,Peru,LAC,2010,0.725
PER,Peru,LAC,2011,0.732
PER,Peru,LAC,2012,0.742
PER,Peru,LAC,2013,0.75
PER,Peru,LAC,2014,0.755
PER,Peru,LAC,2015,0.759
PER,Peru,LAC,2016,0.765
PER,Peru,LAC,2017,0.77
PER,Peru,LAC,2018,0.776
PER,Peru,LAC,2019,0.78
PER,Peru,LAC,2020,0.762
PER,Peru,LAC,2021,0.762
PHL,Philippines,EAP,1990,0.598
PHL,Philippines,EAP,1991,0.599
PHL,Philippines,EAP,1992,0.603
PHL,Philippines,EAP,1993,0.606
PHL,Philippines,EAP,1994,0.609
PHL,Philippines,EAP,1995,0.612
PHL,Philippines,EAP,1996,0.62
PHL,Philippines,EAP,1997,0.625
PHL,Philippines,EAP,1998,0.63
PHL,Philippines,EAP,1999,0.633
PHL,Philippines,EAP,2000,0.633
PHL,Philippines,EAP,2001,0.638
PHL,Philippines,EAP,2002,0.645
PHL,Philippines,EAP,2003,0.65
PHL,Philippines,EAP,2004,0.657
PHL,Philippines,EAP,2005,0.658
PHL,Philippines,EAP,2006,0.659
PHL,Philippines,EAP,2007,0.664
PHL,Philippines,EAP,2008,0.668
PHL,Philippines,EAP,2009,0.667
PHL,Philippines,EAP,2010,0.674
PHL,Philippines,EAP,2011,0.679
PHL,Philippines,EAP,2012,0.685
PHL,Philippines,EAP,2013,0.692
PHL,Philippines,EAP,2014,0.696
PHL,Philippines,EAP,2015,0.698
PHL,Philippines,EAP,2016,0.7
PHL,Philippines,EAP,2017,0.704
PHL,Philippines,EAP,2018,0.71
PHL,Philippines,EAP,2019,0.718
PHL,Philippines,EAP,2020,0.71
PHL,Philippines,EAP,2021,0.699
PLW,Palau,EAP,1990,
PLW,Palau,EAP,1991,
PLW,Palau,EAP,1992,
PLW,Palau,EAP,1993,
PLW,Palau,EAP,1994,
PLW,Palau,EAP,1995,
PLW,Palau,EAP,1996,
PLW,Palau,EAP,1997,
PLW,Palau,EAP,1998,
PLW,Palau,EAP,1999,
PLW,Palau,EAP,2000,0.739
PLW,Palau,EAP,2001,0.745
PLW,Palau,EAP,2002,0.75
PLW,Palau,EAP,2003,0.754
PLW,Palau,EAP,2004,0.756
PLW,Palau,EAP,2005,0.767
PLW,Palau,EAP,2006,0.769
PLW,Palau,EAP,2007,0.773
PLW,Palau,EAP,2008,0.772
PLW,Palau,EAP,2009,0.771
PLW,Palau,EAP,2010,0.773
PLW,Palau,EAP,2011,0.776
PLW,Palau,EAP,2012,0.776
PLW,Palau,EAP,2013,0.779
PLW,Palau,EAP,2014,0.779
PLW,Palau,EAP,2015,0.78
PLW,Palau,EAP,2016,0.778
PLW,Palau,EAP,2017,0.775
PLW,Palau,EAP,2018,0.778
PLW,Palau,EAP,2019,0.776
PLW,Palau,EAP,2020,0.773
PLW,Palau,EAP,2021,0.767
PNG,Papua New Guinea,EAP,1990,0.37
PNG,Papua New Guinea,EAP,1991,0.38
PNG,Papua New Guinea,EAP,1992,0.391
PNG,Papua New Guinea,EAP,1993,0.405
PNG,Papua New Guinea,EAP,1994,0.419
PNG,Papua New Guinea,EAP,1995,0.423
PNG,Papua New Guinea,EAP,1996,0.43
PNG,Papua New Guinea,EAP,1997,0.432
PNG,Papua New Guinea,EAP,1998,0.435
PNG,Papua New Guinea,EAP,1999,0.444
PNG,Papua New Guinea,EAP,2000,0.447
PNG,Papua New Guinea,EAP,2001,0.451
PNG,Papua New Guinea,EAP,2002,0.455
PNG,Papua New Guinea,EAP,2003,0.461
PNG,Papua New Guinea,EAP,2004,0.461
PNG,Papua New Guinea,EAP,2005,0.466
PNG,Papua New Guinea,EAP,2006,0.469
PNG,Papua New Guinea,EAP,2007,0.478
PNG,Papua New Guinea,EAP,2008,0.484
PNG,Papua New Guinea,EAP,2009,0.49
PNG,Papua New Guinea,EAP,2010,0.499
PNG,Papua New Guinea,EAP,2011,0.504
PNG,Papua New Guinea,EAP,2012,0.513
PNG,Papua New Guinea,EAP,2013,0.518
PNG,Papua New Guinea,EAP,2014,0.533
PNG,Papua New Guinea,EAP,2015,0.541
PNG,Papua New Guinea,EAP,2016,0.547
PNG,Papua New Guinea,EAP,2017,0.552
PNG,Papua New Guinea,EAP,2018,0.554
PNG,Papua New Guinea,EAP,2019,0.56
PNG,Papua New Guinea,EAP,2020,0.56
PNG,Papua New Guinea,EAP,2021,0.558
POL,Poland,,1990,0.716
POL,Poland,,1991,0.713
POL,Poland,,1992,0.718
POL,Poland,,1993,0.731
POL,Poland,,1994,0.741
POL,Poland,,1995,0.746
POL,Poland,,1996,0.755
POL,Poland,,1997,0.766
POL,Poland,,1998,0.776
POL,Poland,,1999,0.783
POL,Poland,,2000,0.793
POL,Poland,,2001,0.799
POL,Poland,,2002,0.806
POL,Poland,,2003,0.811
POL,Poland,,2004,0.809
POL,Poland,,2005,0.815
POL,Poland,,2006,0.82
POL,Poland,,2007,0.825
POL,Poland,,2008,0.831
POL,Poland,,2009,0.835
POL,Poland,,2010,0.841
POL,Poland,,2011,0.847
POL,Poland,,2012,0.852
POL,Poland,,2013,0.863
POL,Poland,,2014,0.865
POL,Poland,,2015,0.868
POL,Poland,,2016,0.872
POL,Poland,,2017,0.875
POL,Poland,,2018,0.877
POL,Poland,,2019,0.881
POL,Poland,,2020,0.876
POL,Poland,,2021,0.876
PRK,Korea (Democratic People's Rep. of),EAP,1990,
PRK,Korea (Democratic People's Rep. of),EAP,1991,
PRK,Korea (Democratic People's Rep. of),EAP,1992,
PRK,Korea (Democratic People's Rep. of),EAP,1993,
PRK,Korea (Democratic People's Rep. of),EAP,1994,
PRK,Korea (Democratic People's Rep. of),EAP,1995,
PRK,Korea (Democratic People's Rep. of),EAP,1996,
PRK,Korea (Democratic People's Rep. of),EAP,1997,
PRK,Korea (Democratic People's Rep. of),EAP,1998,
PRK,Korea (Democratic People's Rep. of),EAP,1999,
PRK,Korea (Democratic People's Rep. of),EAP,2000,
PRK,Korea (Democratic People's Rep. of),EAP,2001,
PRK,Korea (Democratic People's Rep. of),EAP,2002,
PRK,Korea (Democratic People's Rep. of),EAP,2003,
PRK,Korea (Democratic People's Rep. of),EAP,2004,
PRK,Korea (Democratic People's Rep. of),EAP,2005,
PRK,Korea (Democratic People's Rep. of),EAP,2006,
PRK,Korea (Democratic People's Rep. of),EAP,2007,
PRK,Korea (Democratic People's Rep. of),EAP,2008,
PRK,Korea (Democratic People's Rep. of),EAP,2009,
PRK,Korea (Democratic People's Rep. of),EAP,2010,
PRK,Korea (Democratic People's Rep. of),EAP,2011,
PRK,Korea (Democratic People's Rep. of),EAP,2012,
PRK,Korea (Democratic People's Rep. of),EAP,2013,
PRK,Korea (Democratic People's Rep. of),EAP,2014,
PRK,Korea (Democratic People's Rep. of),EAP,2015,
PRK,Korea (Democratic People's Rep. of),EAP,2016,
PRK,Korea (Democratic People's Rep. of),EAP,2017,
PRK,Korea (Democratic People's Rep. of),EAP,2018,
PRK,Korea (Democratic People's Rep. of),EAP,2019,
PRK,Korea (Democratic People's Rep. of),EAP,2020,
PRK,Korea (Democratic People's Rep. of),EAP,2021,
PRT,Portugal,,1990,0.701
PRT,Portugal,,1991,0.711
PRT,Portugal,,1992,0.727
PRT,Portugal,,1993,0.741
PRT,Portugal,,1994,0.754
PRT,Portugal,,1995,0.761
PRT,Portugal,,1996,0.769
PRT,Portugal,,1997,0.778
PRT,Portugal,,1998,0.786
PRT,Portugal,,1999,0.785
PRT,Portugal,,2000,0.791
PRT,Portugal,,2001,0.797
PRT,Portugal,,2002,0.798
PRT,Portugal,,2003,0.802
PRT,Portugal,,2004,0.805
PRT,Portugal,,2005,0.806
PRT,Portugal,,2006,0.811
PRT,Portugal,,2007,0.818
PRT,Portugal,,2008,0.822
PRT,Portugal,,2009,0.825
PRT,Portugal,,2010,0.829
PRT,Portugal,,2011,0.835
PRT,Portugal,,2012,0.836
PRT,Portugal,,2013,0.845
PRT,Portugal,,2014,0.848
PRT,Portugal,,2015,0.85
PRT,Portugal,,2016,0.853
PRT,Portugal,,2017,0.859
PRT,Portugal,,2018,0.86
PRT,Portugal,,2019,0.867
PRT,Portugal,,2020,0.863
PRT,Portugal,,2021,0.866
PRY,Paraguay,LAC,1990,0.595
PRY,Paraguay,LAC,1991,0.6
PRY,Paraguay,LAC,1992,0.605
PRY,Paraguay,LAC,1993,0.612
PRY,Paraguay,LAC,1994,0.617
PRY,Paraguay,LAC,1995,0.623
PRY,Paraguay,LAC,1996,0.632
PRY,Paraguay,LAC,1997,0.638
PRY,Paraguay,LAC,1998,0.644
PRY,Paraguay,LAC,1999,0.649
PRY,Paraguay,LAC,2000,0.649
PRY,Paraguay,LAC,2001,0.655
PRY,Paraguay,LAC,2002,0.662
PRY,Paraguay,LAC,2003,0.655
PRY,Paraguay,LAC,2004,0.662
PRY,Paraguay,LAC,2005,0.664
PRY,Paraguay,LAC,2006,0.664
PRY,Paraguay,LAC,2007,0.669
PRY,Paraguay,LAC,2008,0.679
PRY,Paraguay,LAC,2009,0.677
PRY,Paraguay,LAC,2010,0.685
PRY,Paraguay,LAC,2011,0.696
PRY,Paraguay,LAC,2012,0.702
PRY,Paraguay,LAC,2013,0.715
PRY,Paraguay,LAC,2014,0.716
PRY,Paraguay,LAC,2015,0.723
PRY,Paraguay,LAC,2016,0.721
PRY,Paraguay,LAC,2017,0.724
PRY,Paraguay,LAC,2018,0.727
PRY,Paraguay,LAC,2019,0.732
PRY,Paraguay,LAC,2020,0.73
PRY,Paraguay,LAC,2021,0.717
PSE,"Palestine, State of",AS,1990,
PSE,"Palestine, State of",AS,1991,
PSE,"Palestine, State of",AS,1992,
PSE,"Palestine, State of",AS,1993,
PSE,"Palestine, State of",AS,1994,
PSE,"Palestine, State of",AS,1995,
PSE,"Palestine, State of",AS,1996,
PSE,"Palestine, State of",AS,1997,
PSE,"Palestine, State of",AS,1998,
PSE,"Palestine, State of",AS,1999,
PSE,"Palestine, State of",AS,2000,
PSE,"Palestine, State of",AS,2001,
PSE,"Palestine, State of",AS,2002,
PSE,"Palestine, State of",AS,2003,
PSE,"Palestine, State of",AS,2004,0.651
PSE,"Palestine, State of",AS,2005,0.662
PSE,"Palestine, State of",AS,2006,0.663
PSE,"Palestine, State of",AS,2007,0.672
PSE,"Palestine, State of",AS,2008,0.677
PSE,"Palestine, State of",AS,2009,0.682
PSE,"Palestine, State of",AS,2010,0.687
PSE,"Palestine, State of",AS,2011,0.694
PSE,"Palestine, State of",AS,2012,0.701
PSE,"Palestine, State of",AS,2013,0.703
PSE,"Palestine, State of",AS,2014,0.698
PSE,"Palestine, State of",AS,2015,0.71
PSE,"Palestine, State of",AS,2016,0.715
PSE,"Palestine, State of",AS,2017,0.719
PSE,"Palestine, State of",AS,2018,0.723
PSE,"Palestine, State of",AS,2019,0.727
PSE,"Palestine, State of",AS,2020,0.716
PSE,"Palestine, State of",AS,2021,0.715
QAT,Qatar,AS,1990,0.758
QAT,Qatar,AS,1991,0.754
QAT,Qatar,AS,1992,0.756
QAT,Qatar,AS,1993,0.763
QAT,Qatar,AS,1994,0.77
QAT,Qatar,AS,1995,0.775
QAT,Qatar,AS,1996,0.782
QAT,Qatar,AS,1997,0.795
QAT,Qatar,AS,1998,0.799
QAT,Qatar,AS,1999,0.802
QAT,Qatar,AS,2000,0.801
QAT,Qatar,AS,2001,0.803
QAT,Qatar,AS,2002,0.809
QAT,Qatar,AS,2003,0.819
QAT,Qatar,AS,2004,0.822
QAT,Qatar,AS,2005,0.827
QAT,Qatar,AS,2006,0.825
QAT,Qatar,AS,2007,0.834
QAT,Qatar,AS,2008,0.84
QAT,Qatar,AS,2009,0.838
QAT,Qatar,AS,2010,0.834
QAT,Qatar,AS,2011,0.844
QAT,Qatar,AS,2012,0.829
QAT,Qatar,AS,2013,0.834
QAT,Qatar,AS,2014,0.839
QAT,Qatar,AS,2015,0.846
QAT,Qatar,AS,2016,0.85
QAT,Qatar,AS,2017,0.849
QAT,Qatar,AS,2018,0.853
QAT,Qatar,AS,2019,0.859
QAT,Qatar,AS,2020,0.854
QAT,Qatar,AS,2021,0.855
ROU,Romania,,1990,0.703
ROU,Romania,,1991,0.689
ROU,Romania,,1992,0.679
ROU,Romania,,1993,0.68
ROU,Romania,,1994,0.682
ROU,Romania,,1995,0.688
ROU,Romania,,1996,0.693
ROU,Romania,,1997,0.696
ROU,Romania,,1998,0.7
ROU,Romania,,1999,0.708
ROU,Romania,,2000,0.715
ROU,Romania,,2001,0.722
ROU,Romania,,2002,0.729
ROU,Romania,,2003,0.732
ROU,Romania,,2004,0.742
ROU,Romania,,2005,0.756
ROU,Romania,,2006,0.77
ROU,Romania,,2007,0.786
ROU,Romania,,2008,0.806
ROU,Romania,,2009,0.809
ROU,Romania,,2010,0.807
ROU,Romania,,2011,0.808
ROU,Romania,,2012,0.805
ROU,Romania,,2013,0.81
ROU,Romania,,2014,0.811
ROU,Romania,,2015,0.813
ROU,Romania,,2016,0.816
ROU,Romania,,2017,0.823
ROU,Romania,,2018,0.827
ROU,Romania,,2019,0.832
ROU,Romania,,2020,0.824
ROU,Romania,,2021,0.821
RUS,Russian Federation,,1990,0.743
RUS,Russian Federation,,1991,0.741
RUS,Russian Federation,,1992,0.728
RUS,Russian Federation,,1993,0.71
RUS,Russian Federation,,1994,0.698
RUS,Russian Federation,,1995,0.698
RUS,Russian Federation,,1996,0.708
RUS,Russian Federation,,1997,0.716
RUS,Russian Federation,,1998,0.719
RUS,Russian Federation,,1999,0.721
RUS,Russian Federation,,2000,0.732
RUS,Russian Federation,,2001,0.74
RUS,Russian Federation,,2002,0.746
RUS,Russian Federation,,2003,0.754
RUS,Russian Federation,,2004,0.761
RUS,Russian Federation,,2005,0.764
RUS,Russian Federation,,2006,0.775
RUS,Russian Federation,,2007,0.786
RUS,Russian Federation,,2008,0.791
RUS,Russian Federation,,2009,0.789
RUS,Russian Federation,,2010,0.796
RUS,Russian Federation,,2011,0.808
RUS,Russian Federation,,2012,0.811
RUS,Russian Federation,,2013,0.817
RUS,Russian Federation,,2014,0.818
RUS,Russian Federation,,2015,0.824
RUS,Russian Federation,,2016,0.828
RUS,Russian Federation,,2017,0.833
RUS,Russian Federation,,2018,0.841
RUS,Russian Federation,,2019,0.845
RUS,Russian Federation,,2020,0.83
RUS,Russian Federation,,2021,0.822
RWA,Rwanda,SSA,1990,
RWA,Rwanda,SSA,1991,
RWA,Rwanda,SSA,1992,
RWA,Rwanda,SSA,1993,
RWA,Rwanda,SSA,1994,
RWA,Rwanda,SSA,1995,0.286
RWA,Rwanda,SSA,1996,0.296
RWA,Rwanda,SSA,1997,0.302
RWA,Rwanda,SSA,1998,0.309
RWA,Rwanda,SSA,1999,0.324
RWA,Rwanda,SSA,2000,0.34
RWA,Rwanda,SSA,2001,0.35
RWA,Rwanda,SSA,2002,0.369
RWA,Rwanda,SSA,2003,0.385
RWA,Rwanda,SSA,2004,0.406
RWA,Rwanda,SSA,2005,0.422
RWA,Rwanda,SSA,2006,0.442
RWA,Rwanda,SSA,2007,0.456
RWA,Rwanda,SSA,2008,0.467
RWA,Rwanda,SSA,2009,0.48
RWA,Rwanda,SSA,2010,0.489
RWA,Rwanda,SSA,2011,0.497
RWA,Rwanda,SSA,2012,0.506
RWA,Rwanda,SSA,2013,0.508
RWA,Rwanda,SSA,2014,0.513
RWA,Rwanda,SSA,2015,0.515
RWA,Rwanda,SSA,2016,0.524
RWA,Rwanda,SSA,2017,0.526
RWA,Rwanda,SSA,2018,0.528
RWA,Rwanda,SSA,2019,0.534
RWA,Rwanda,SSA,2020,0.532
RWA,Rwanda,SSA,2021,0.534
SAU,Saudi Arabia,AS,1990,0.678
SAU,Saudi Arabia,AS,1991,0.688
SAU,Saudi Arabia,AS,1992,0.694
SAU,Saudi Arabia,AS,1993,0.699
SAU,Saudi Arabia,AS,1994,0.704
SAU,Saudi Arabia,AS,1995,0.709
SAU,Saudi Arabia,AS,1996,0.715
SAU,Saudi Arabia,AS,1997,0.72
SAU,Saudi Arabia,AS,1998,0.727
SAU,Saudi Arabia,AS,1999,0.73
SAU,Saudi Arabia,AS,2000,0.737
SAU,Saudi Arabia,AS,2001,0.744
SAU,Saudi Arabia,AS,2002,0.75
SAU,Saudi Arabia,AS,2003,0.76
SAU,Saudi Arabia,AS,2004,0.77
SAU,Saudi Arabia,AS,2005,0.78
SAU,Saudi Arabia,AS,2006,0.787
SAU,Saudi Arabia,AS,2007,0.794
SAU,Saudi Arabia,AS,2008,0.802
SAU,Saudi Arabia,AS,2009,0.807
SAU,Saudi Arabia,AS,2010,0.816
SAU,Saudi Arabia,AS,2011,0.828
SAU,Saudi Arabia,AS,2012,0.837
SAU,Saudi Arabia,AS,2013,0.845
SAU,Saudi Arabia,AS,2014,0.852
SAU,Saudi Arabia,AS,2015,0.859
SAU,Saudi Arabia,AS,2016,0.864
SAU,Saudi Arabia,AS,2017,0.86
SAU,Saudi Arabia,AS,2018,0.865
SAU,Saudi Arabia,AS,2019,0.873
SAU,Saudi Arabia,AS,2020,0.87
SAU,Saudi Arabia,AS,2021,0.875
SDN,Sudan,AS,1990,0.336
SDN,Sudan,AS,1991,0.342
SDN,Sudan,AS,1992,0.331
SDN,Sudan,AS,1993,0.34
SDN,Sudan,AS,1994,0.383
SDN,Sudan,AS,1995,0.371
SDN,Sudan,AS,1996,0.379
SDN,Sudan,AS,1997,0.388
SDN,Sudan,AS,1998,0.376
SDN,Sudan,AS,1999,0.413
SDN,Sudan,AS,2000,0.424
SDN,Sudan,AS,2001,0.431
SDN,Sudan,AS,2002,0.436
SDN,Sudan,AS,2003,0.439
SDN,Sudan,AS,2004,0.441
SDN,Sudan,AS,2005,0.448
SDN,Sudan,AS,2006,0.465
SDN,Sudan,AS,2007,0.47
SDN,Sudan,AS,2008,0.478
SDN,Sudan,AS,2009,0.486
SDN,Sudan,AS,2010,0.486
SDN,Sudan,AS,2011,0.487
SDN,Sudan,AS,2012,0.493
SDN,Sudan,AS,2013,0.497
SDN,Sudan,AS,2014,0.504
SDN,Sudan,AS,2015,0.508
SDN,Sudan,AS,2016,0.511
SDN,Sudan,AS,2017,0.514
SDN,Sudan,AS,2018,0.514
SDN,Sudan,AS,2019,0.514
SDN,Sudan,AS,2020,0.51
SDN,Sudan,AS,2021,0.508
SEN,Senegal,SSA,1990,0.373
SEN,Senegal,SSA,1991,0.374
SEN,Senegal,SSA,1992,0.375
SEN,Senegal,SSA,1993,0.374
SEN,Senegal,SSA,1994,0.374
SEN,Senegal,SSA,1995,0.375
SEN,Senegal,SSA,1996,0.376
SEN,Senegal,SSA,1997,0.377
SEN,Senegal,SSA,1998,0.379
SEN,Senegal,SSA,1999,0.382
SEN,Senegal,SSA,2000,0.388
SEN,Senegal,SSA,2001,0.394
SEN,Senegal,SSA,2002,0.398
SEN,Senegal,SSA,2003,0.405
SEN,Senegal,SSA,2004,0.412
SEN,Senegal,SSA,2005,0.419
SEN,Senegal,SSA,2006,0.427
SEN,Senegal,SSA,2007,0.439
SEN,Senegal,SSA,2008,0.451
SEN,Senegal,SSA,2009,0.459
SEN,Senegal,SSA,2010,0.468
SEN,Senegal,SSA,2011,0.482
SEN,Senegal,SSA,2012,0.49
SEN,Senegal,SSA,2013,0.496
SEN,Senegal,SSA,2014,0.502
SEN,Senegal,SSA,2015,0.505
SEN,Senegal,SSA,2016,0.507
SEN,Senegal,SSA,2017,0.509
SEN,Senegal,SSA,2018,0.512
SEN,Senegal,SSA,2019,0.513
SEN,Senegal,SSA,2020,0.513
SEN,Senegal,SSA,2021,0.511
SGP,Singapore,EAP,1990,0.727
SGP,Singapore,EAP,1991,0.737
SGP,Singapore,EAP,1992,0.748
SGP,Singapore,EAP,1993,0.758
SGP,Singapore,EAP,1994,0.77
SGP,Singapore,EAP,1995,0.779
SGP,Singapore,EAP,1996,0.789
SGP,Singapore,EAP,1997,0.802
SGP,Singapore,EAP,1998,0.81
SGP,Singapore,EAP,1999,0.82
SGP,Singapore,EAP,2000,0.831
SGP,Singapore,EAP,2001,0.833
SGP,Singapore,EAP,2002,0.84
SGP,Singapore,EAP,2003,0.845
SGP,Singapore,EAP,2004,0.851
SGP,Singapore,EAP,2005,0.875
SGP,Singapore,EAP,2006,0.881
SGP,Singapore,EAP,2007,0.887
SGP,Singapore,EAP,2008,0.892
SGP,Singapore,EAP,2009,0.892
SGP,Singapore,EAP,2010,0.91
SGP,Singapore,EAP,2011,0.915
SGP,Singapore,EAP,2012,0.92
SGP,Singapore,EAP,2013,0.923
SGP,Singapore,EAP,2014,0.928
SGP,Singapore,EAP,2015,0.93
SGP,Singapore,EAP,2016,0.934
SGP,Singapore,EAP,2017,0.935
SGP,Singapore,EAP,2018,0.94
SGP,Singapore,EAP,2019,0.943
SGP,Singapore,EAP,2020,0.939
SGP,Singapore,EAP,2021,0.939
SLB,Solomon Islands,EAP,1990,
SLB,Solomon Islands,EAP,1991,
SLB,Solomon Islands,EAP,1992,
SLB,Solomon Islands,EAP,1993,
SLB,Solomon Islands,EAP,1994,
SLB,Solomon Islands,EAP,1995,
SLB,Solomon Islands,EAP,1996,
SLB,Solomon Islands,EAP,1997,
SLB,Solomon Islands,EAP,1998,
SLB,Solomon Islands,EAP,1999,0.499
SLB,Solomon Islands,EAP,2000,0.486
SLB,Solomon Islands,EAP,2001,0.49
SLB,Solomon Islands,EAP,2002,0.496
SLB,Solomon Islands,EAP,2003,0.501
SLB,Solomon Islands,EAP,2004,0.507
SLB,Solomon Islands,EAP,2005,0.512
SLB,Solomon Islands,EAP,2006,0.52
SLB,Solomon Islands,EAP,2007,0.523
SLB,Solomon Islands,EAP,2008,0.531
SLB,Solomon Islands,EAP,2009,0.538
SLB,Solomon Islands,EAP,2010,0.55
SLB,Solomon Islands,EAP,2011,0.553
SLB,Solomon Islands,EAP,2012,0.554
SLB,Solomon Islands,EAP,2013,0.559
SLB,Solomon Islands,EAP,2014,0.558
SLB,Solomon Islands,EAP,2015,0.559
SLB,Solomon Islands,EAP,2016,0.56
SLB,Solomon Islands,EAP,2017,0.564
SLB,Solomon Islands,EAP,2018,0.566
SLB,Solomon Islands,EAP,2019,0.567
SLB,Solomon Islands,EAP,2020,0.565
SLB,Solomon Islands,EAP,2021,0.564
SLE,Sierra Leone,SSA,1990,0.312
SLE,Sierra Leone,SSA,1991,0.305
SLE,Sierra Leone,SSA,1992,0.305
SLE,Sierra Leone,SSA,1993,0.312
SLE,Sierra Leone,SSA,1994,0.312
SLE,Sierra Leone,SSA,1995,0.314
SLE,Sierra Leone,SSA,1996,0.312
SLE,Sierra Leone,SSA,1997,0.307
SLE,Sierra Leone,SSA,1998,0.305
SLE,Sierra Leone,SSA,1999,0.301
SLE,Sierra Leone,SSA,2000,0.318
SLE,Sierra Leone,SSA,2001,0.331
SLE,Sierra Leone,SSA,2002,0.347
SLE,Sierra Leone,SSA,2003,0.357
SLE,Sierra Leone,SSA,2004,0.364
SLE,Sierra Leone,SSA,2005,0.372
SLE,Sierra Leone,SSA,2006,0.382
SLE,Sierra Leone,SSA,2007,0.397
SLE,Sierra Leone,SSA,2008,0.409
SLE,Sierra Leone,SSA,2009,0.42
SLE,Sierra Leone,SSA,2010,0.427
SLE,Sierra Leone,SSA,2011,0.433
SLE,Sierra Leone,SSA,2012,0.447
SLE,Sierra Leone,SSA,2013,0.459
SLE,Sierra Leone,SSA,2014,0.461
SLE,Sierra Leone,SSA,2015,0.453
SLE,Sierra Leone,SSA,2016,0.457
SLE,Sierra Leone,SSA,2017,0.466
SLE,Sierra Leone,SSA,2018,0.47
SLE,Sierra Leone,SSA,2019,0.48
SLE,Sierra Leone,SSA,2020,0.475
SLE,Sierra Leone,SSA,2021,0.477
SLV,El Salvador,LAC,1990,0.525
SLV,El Salvador,LAC,1991,0.536
SLV,El Salvador,LAC,1992,0.548
SLV,El Salvador,LAC,1993,0.558
SLV,El Salvador,LAC,1994,0.568
SLV,El Salvador,LAC,1995,0.578
SLV,El Salvador,LAC,1996,0.587
SLV,El Salvador,LAC,1997,0.597
SLV,El Salvador,LAC,1998,0.605
SLV,El Salvador,LAC,1999,0.609
SLV,El Salvador,LAC,2000,0.617
SLV,El Salvador,LAC,2001,0.619
SLV,El Salvador,LAC,2002,0.626
SLV,El Salvador,LAC,2003,0.631
SLV,El Salvador,LAC,2004,0.636
SLV,El Salvador,LAC,2005,0.641
SLV,El Salvador,LAC,2006,0.646
SLV,El Salvador,LAC,2007,0.651
SLV,El Salvador,LAC,2008,0.653
SLV,El Salvador,LAC,2009,0.653
SLV,El Salvador,LAC,2010,0.659
SLV,El Salvador,LAC,2011,0.661
SLV,El Salvador,LAC,2012,0.664
SLV,El Salvador,LAC,2013,0.667
SLV,El Salvador,LAC,2014,0.666
SLV,El Salvador,LAC,2015,0.668
SLV,El Salvador,LAC,2016,0.671
SLV,El Salvador,LAC,2017,0.674
SLV,El Salvador,LAC,2018,0.68
SLV,El Salvador,LAC,2019,0.683
SLV,El Salvador,LAC,2020,0.672
SLV,El Salvador,LAC,2021,0.675
SMR,San Marino,,1990,
SMR,San Marino,,1991,
SMR,San Marino,,1992,
SMR,San Marino,,1993,
SMR,San Marino,,1994,
SMR,San Marino,,1995,
SMR,San Marino,,1996,
SMR,San Marino,,1997,
SMR,San Marino,,1998,
SMR,San Marino,,1999,
SMR,San Marino,,2000,
SMR,San Marino,,2001,
SMR,San Marino,,2002,
SMR,San Marino,,2003,
SMR,San Marino,,2004,
SMR,San Marino,,2005,
SMR,San Marino,,2006,
SMR,San Marino,,2007,
SMR,San Marino,,2008,
SMR,San Marino,,2009,
SMR,San Marino,,2010,
SMR,San Marino,,2011,
SMR,San Marino,,2012,
SMR,San Marino,,2013,
SMR,San Marino,,2014,
SMR,San Marino,,2015,
SMR,San Marino,,2016,
SMR,San Marino,,2017,
SMR,San Marino,,2018,0.86
SMR,San Marino,,2019,0.862
SMR,San Marino,,2020,0.845
SMR,San Marino,,2021,0.853
SOM,Somalia,AS,1990,
SOM,Somalia,AS,1991,
SOM,Somalia,AS,1992,
SOM,Somalia,AS,1993,
SOM,Somalia,AS,1994,
SOM,Somalia,AS,1995,
SOM,Somalia,AS,1996,
SOM,Somalia,AS,1997,
SOM,Somalia,AS,1998,
SOM,Somalia,AS,1999,
SOM,Somalia,AS,2000,
SOM,Somalia,AS,2001,
SOM,Somalia,AS,2002,
SOM,Somalia,AS,2003,
SOM,Somalia,AS,2004,
SOM,Somalia,AS,2005,
SOM,Somalia,AS,2006,
SOM,Somalia,AS,2007,
SOM,Somalia,AS,2008,
SOM,Somalia,AS,2009,
SOM,Somalia,AS,2010,
SOM,Somalia,AS,2011,
SOM,Somalia,AS,2012,
SOM,Somalia,AS,2013,
SOM,Somalia,AS,2014,
SOM,Somalia,AS,2015,
SOM,Somalia,AS,2016,
SOM,Somalia,AS,2017,
SOM,Somalia,AS,2018,
SOM,Somalia,AS,2019,
SOM,Somalia,AS,2020,
SOM,Somalia,AS,2021,
SRB,Serbia,ECA,1990,
SRB,Serbia,ECA,1991,
SRB,Serbia,ECA,1992,
SRB,Serbia,ECA,1993,
SRB,Serbia,ECA,1994,
SRB,Serbia,ECA,1995,0.674
SRB,Serbia,ECA,1996,0.679
SRB,Serbia,ECA,1997,0.685
SRB,Serbia,ECA,1998,0.687
SRB,Serbia,ECA,1999,0.677
SRB,Serbia,ECA,2000,0.69
SRB,Serbia,ECA,2001,0.7
SRB,Serbia,ECA,2002,0.702
SRB,Serbia,ECA,2003,0.711
SRB,Serbia,ECA,2004,0.723
SRB,Serbia,ECA,2005,0.734
SRB,Serbia,ECA,2006,0.746
SRB,Serbia,ECA,2007,0.754
SRB,Serbia,ECA,2008,0.765
SRB,Serbia,ECA,2009,0.766
SRB,Serbia,ECA,2010,0.767
SRB,Serbia,ECA,2011,0.777
SRB,Serbia,ECA,2012,0.78
SRB,Serbia,ECA,2013,0.785
SRB,Serbia,ECA,2014,0.788
SRB,Serbia,ECA,2015,0.794
SRB,Serbia,ECA,2016,0.8
SRB,Serbia,ECA,2017,0.802
SRB,Serbia,ECA,2018,0.808
SRB,Serbia,ECA,2019,0.811
SRB,Serbia,ECA,2020,0.804
SRB,Serbia,ECA,2021,0.802
SSD,South Sudan,SSA,1990,
SSD,South Sudan,SSA,1991,
SSD,South Sudan,SSA,1992,
SSD,South Sudan,SSA,1993,
SSD,South Sudan,SSA,1994,
SSD,South Sudan,SSA,1995,
SSD,South Sudan,SSA,1996,
SSD,South Sudan,SSA,1997,
SSD,South Sudan,SSA,1998,
SSD,South Sudan,SSA,1999,
SSD,South Sudan,SSA,2000,
SSD,South Sudan,SSA,2001,
SSD,South Sudan,SSA,2002,
SSD,South Sudan,SSA,2003,
SSD,South Sudan,SSA,2004,
SSD,South Sudan,SSA,2005,
SSD,South Sudan,SSA,2006,
SSD,South Sudan,SSA,2007,
SSD,South Sudan,SSA,2008,
SSD,South Sudan,SSA,2009,
SSD,South Sudan,SSA,2010,0.43
SSD,South Sudan,SSA,2011,0.433
SSD,South Sudan,SSA,2012,0.397
SSD,South Sudan,SSA,2013,0.411
SSD,South Sudan,SSA,2014,0.41
SSD,South Sudan,SSA,2015,0.412
SSD,South Sudan,SSA,2016,0.402
SSD,South Sudan,SSA,2017,0.395
SSD,South Sudan,SSA,2018,0.395
SSD,South Sudan,SSA,2019,0.393
SSD,South Sudan,SSA,2020,0.386
SSD,South Sudan,SSA,2021,0.385
STP,Sao Tome and Principe,SSA,1990,0.485
STP,Sao Tome and Principe,SSA,1991,0.484
STP,Sao Tome and Principe,SSA,1992,0.485
STP,Sao Tome and Principe,SSA,1993,0.485
STP,Sao Tome and Principe,SSA,1994,0.487
STP,Sao Tome and Principe,SSA,1995,0.488
STP,Sao Tome and Principe,SSA,1996,0.491
STP,Sao Tome and Principe,SSA,1997,0.492
STP,Sao Tome and Principe,SSA,1998,0.494
STP,Sao Tome and Principe,SSA,1999,0.498
STP,Sao Tome and Principe,SSA,2000,0.501
STP,Sao Tome and Principe,SSA,2001,0.507
STP,Sao Tome and Principe,SSA,2002,0.511
STP,Sao Tome and Principe,SSA,2003,0.519
STP,Sao Tome and Principe,SSA,2004,0.525
STP,Sao Tome and Principe,SSA,2005,0.531
STP,Sao Tome and Principe,SSA,2006,0.542
STP,Sao Tome and Principe,SSA,2007,0.545
STP,Sao Tome and Principe,SSA,2008,0.546
STP,Sao Tome and Principe,SSA,2009,0.552
STP,Sao Tome and Principe,SSA,2010,0.554
STP,Sao Tome and Principe,SSA,2011,0.556
STP,Sao Tome and Principe,SSA,2012,0.562
STP,Sao Tome and Principe,SSA,2013,0.573
STP,Sao Tome and Principe,SSA,2014,0.584
STP,Sao Tome and Principe,SSA,2015,0.596
STP,Sao Tome and Principe,SSA,2016,0.603
STP,Sao Tome and Principe,SSA,2017,0.612
STP,Sao Tome and Principe,SSA,2018,0.617
STP,Sao Tome and Principe,SSA,2019,0.622
STP,Sao Tome and Principe,SSA,2020,0.619
STP,Sao Tome and Principe,SSA,2021,0.618
SUR,Suriname,LAC,1990,
SUR,Suriname,LAC,1991,
SUR,Suriname,LAC,1992,
SUR,Suriname,LAC,1993,
SUR,Suriname,LAC,1994,
SUR,Suriname,LAC,1995,
SUR,Suriname,LAC,1996,
SUR,Suriname,LAC,1997,
SUR,Suriname,LAC,1998,
SUR,Suriname,LAC,1999,
SUR,Suriname,LAC,2000,
SUR,Suriname,LAC,2001,
SUR,Suriname,LAC,2002,
SUR,Suriname,LAC,2003,
SUR,Suriname,LAC,2004,0.674
SUR,Suriname,LAC,2005,0.683
SUR,Suriname,LAC,2006,0.691
SUR,Suriname,LAC,2007,0.701
SUR,Suriname,LAC,2008,0.709
SUR,Suriname,LAC,2009,0.717
SUR,Suriname,LAC,2010,0.723
SUR,Suriname,LAC,2011,0.728
SUR,Suriname,LAC,2012,0.731
SUR,Suriname,LAC,2013,0.734
SUR,Suriname,LAC,2014,0.736
SUR,Suriname,LAC,2015,0.744
SUR,Suriname,LAC,2016,0.747
SUR,Suriname,LAC,2017,0.75
SUR,Suriname,LAC,2018,0.755
SUR,Suriname,LAC,2019,0.755
SUR,Suriname,LAC,2020,0.743
SUR,Suriname,LAC,2021,0.73
SVK,Slovakia,,1990,0.692
SVK,Slovakia,,1991,0.69
SVK,Slovakia,,1992,0.694
SVK,Slovakia,,1993,0.701
SVK,Slovakia,,1994,0.711
SVK,Slovakia,,1995,0.72
SVK,Slovakia,,1996,0.73
SVK,Slovakia,,1997,0.738
SVK,Slovakia,,1998,0.748
SVK,Slovakia,,1999,0.755
SVK,Slovakia,,2000,0.763
SVK,Slovakia,,2001,0.77
SVK,Slovakia,,2002,0.779
SVK,Slovakia,,2003,0.784
SVK,Slovakia,,2004,0.794
SVK,Slovakia,,2005,0.803
SVK,Slovakia,,2006,0.812
SVK,Slovakia,,2007,0.823
SVK,Slovakia,,2008,0.831
SVK,Slovakia,,2009,0.833
SVK,Slovakia,,2010,0.84
SVK,Slovakia,,2011,0.844
SVK,Slovakia,,2012,0.845
SVK,Slovakia,,2013,0.848
SVK,Slovakia,,2014,0.849
SVK,Slovakia,,2015,0.851
SVK,Slovakia,,2016,0.854
SVK,Slovakia,,2017,0.856
SVK,Slovakia,,2018,0.859
SVK,Slovakia,,2019,0.862
SVK,Slovakia,,2020,0.857
SVK,Slovakia,,2021,0.848
SVN,Slovenia,,1990,
SVN,Slovenia,,1991,
SVN,Slovenia,,1992,
SVN,Slovenia,,1993,
SVN,Slovenia,,1994,
SVN,Slovenia,,1995,0.76
SVN,Slovenia,,1996,0.771
SVN,Slovenia,,1997,0.782
SVN,Slovenia,,1998,0.794
SVN,Slovenia,,1999,0.812
SVN,Slovenia,,2000,0.821
SVN,Slovenia,,2001,0.837
SVN,Slovenia,,2002,0.848
SVN,Slovenia,,2003,0.858
SVN,Slovenia,,2004,0.865
SVN,Slovenia,,2005,0.869
SVN,Slovenia,,2006,0.878
SVN,Slovenia,,2007,0.882
SVN,Slovenia,,2008,0.888
SVN,Slovenia,,2009,0.887
SVN,Slovenia,,2010,0.89
SVN,Slovenia,,2011,0.892
SVN,Slovenia,,2012,0.891
SVN,Slovenia,,2013,0.9
SVN,Slovenia,,2014,0.902
SVN,Slovenia,,2015,0.903
SVN,Slovenia,,2016,0.91
SVN,Slovenia,,2017,0.913
SVN,Slovenia,,2018,0.917
SVN,Slovenia,,2019,0.921
SVN,Slovenia,,2020,0.913
SVN,Slovenia,,2021,0.918
SWE,Sweden,,1990,0.81
SWE,Sweden,,1991,0.813
SWE,Sweden,,1992,0.82
SWE,Sweden,,1993,0.84
SWE,Sweden,,1994,0.851
SWE,Sweden,,1995,0.86
SWE,Sweden,,1996,0.868
SWE,Sweden,,1997,0.879
SWE,Sweden,,1998,0.894
SWE,Sweden,,1999,0.899
SWE,Sweden,,2000,0.904
SWE,Sweden,,2001,0.907
SWE,Sweden,,2002,0.91
SWE,Sweden,,2003,0.915
SWE,Sweden,,2004,0.9
SWE,Sweden,,2005,0.902
SWE,Sweden,,2006,0.906
SWE,Sweden,,2007,0.908
SWE,Sweden,,2008,0.905
SWE,Sweden,,2009,0.904
SWE,Sweden,,2010,0.91
SWE,Sweden,,2011,0.911
SWE,Sweden,,2012,0.911
SWE,Sweden,,2013,0.932
SWE,Sweden,,2014,0.935
SWE,Sweden,,2015,0.937
SWE,Sweden,,2016,0.939
SWE,Sweden,,2017,0.941
SWE,Sweden,,2018,0.942
SWE,Sweden,,2019,0.947
SWE,Sweden,,2020,0.942
SWE,Sweden,,2021,0.947
SWZ,Eswatini (Kingdom of),SSA,1990,0.545
SWZ,Eswatini (Kingdom of),SSA,1991,0.543
SWZ,Eswatini (Kingdom of),SSA,1992,0.54
SWZ,Eswatini (Kingdom of),SSA,1993,0.532
SWZ,Eswatini (Kingdom of),SSA,1994,0.523
SWZ,Eswatini (Kingdom of),SSA,1995,0.518
SWZ,Eswatini (Kingdom of),SSA,1996,0.509
SWZ,Eswatini (Kingdom of),SSA,1997,0.5
SWZ,Eswatini (Kingdom of),SSA,1998,0.49
SWZ,Eswatini (Kingdom of),SSA,1999,0.482
SWZ,Eswatini (Kingdom of),SSA,2000,0.471
SWZ,Eswatini (Kingdom of),SSA,2001,0.463
SWZ,Eswatini (Kingdom of),SSA,2002,0.451
SWZ,Eswatini (Kingdom of),SSA,2003,0.446
SWZ,Eswatini (Kingdom of),SSA,2004,0.444
SWZ,Eswatini (Kingdom of),SSA,2005,0.446
SWZ,Eswatini (Kingdom of),SSA,2006,0.462
SWZ,Eswatini (Kingdom of),SSA,2007,0.471
SWZ,Eswatini (Kingdom of),SSA,2008,0.479
SWZ,Eswatini (Kingdom of),SSA,2009,0.486
SWZ,Eswatini (Kingdom of),SSA,2010,0.503
SWZ,Eswatini (Kingdom of),SSA,2011,0.517
SWZ,Eswatini (Kingdom of),SSA,2012,0.531
SWZ,Eswatini (Kingdom of),SSA,2013,0.546
SWZ,Eswatini (Kingdom of),SSA,2014,0.559
SWZ,Eswatini (Kingdom of),SSA,2015,0.575
SWZ,Eswatini (Kingdom of),SSA,2016,0.586
SWZ,Eswatini (Kingdom of),SSA,2017,0.596
SWZ,Eswatini (Kingdom of),SSA,2018,0.607
SWZ,Eswatini (Kingdom of),SSA,2019,0.615
SWZ,Eswatini (Kingdom of),SSA,2020,0.61
SWZ,Eswatini (Kingdom of),SSA,2021,0.597
SYC,Seychelles,SSA,1990,
SYC,Seychelles,SSA,1991,
SYC,Seychelles,SSA,1992,
SYC,Seychelles,SSA,1993,
SYC,Seychelles,SSA,1994,
SYC,Seychelles,SSA,1995,
SYC,Seychelles,SSA,1996,
SYC,Seychelles,SSA,1997,
SYC,Seychelles,SSA,1998,
SYC,Seychelles,SSA,1999,
SYC,Seychelles,SSA,2000,0.744
SYC,Seychelles,SSA,2001,0.741
SYC,Seychelles,SSA,2002,0.742
SYC,Seychelles,SSA,2003,0.746
SYC,Seychelles,SSA,2004,0.747
SYC,Seychelles,SSA,2005,0.762
SYC,Seychelles,SSA,2006,0.753
SYC,Seychelles,SSA,2007,0.77
SYC,Seychelles,SSA,2008,0.771
SYC,Seychelles,SSA,2009,0.77
SYC,Seychelles,SSA,2010,0.776
SYC,Seychelles,SSA,2011,0.766
SYC,Seychelles,SSA,2012,0.786
SYC,Seychelles,SSA,2013,0.787
SYC,Seychelles,SSA,2014,0.796
SYC,Seychelles,SSA,2015,0.796
SYC,Seychelles,SSA,2016,0.796
SYC,Seychelles,SSA,2017,0.796
SYC,Seychelles,SSA,2018,0.8
SYC,Seychelles,SSA,2019,0.802
SYC,Seychelles,SSA,2020,0.793
SYC,Seychelles,SSA,2021,0.785
SYR,Syrian Arab Republic,AS,1990,0.562
SYR,Syrian Arab Republic,AS,1991,0.567
SYR,Syrian Arab Republic,AS,1992,0.573
SYR,Syrian Arab Republic,AS,1993,0.574
SYR,Syrian Arab Republic,AS,1994,0.577
SYR,Syrian Arab Republic,AS,1995,0.579
SYR,Syrian Arab Republic,AS,1996,0.582
SYR,Syrian Arab Republic,AS,1997,0.585
SYR,Syrian Arab Republic,AS,1998,0.587
SYR,Syrian Arab Republic,AS,1999,0.586
SYR,Syrian Arab Republic,AS,2000,0.587
SYR,Syrian Arab Republic,AS,2001,0.596
SYR,Syrian Arab Republic,AS,2002,0.603
SYR,Syrian Arab Republic,AS,2003,0.615
SYR,Syrian Arab Republic,AS,2004,0.627
SYR,Syrian Arab Republic,AS,2005,0.64
SYR,Syrian Arab Republic,AS,2006,0.65
SYR,Syrian Arab Republic,AS,2007,0.659
SYR,Syrian Arab Republic,AS,2008,0.653
SYR,Syrian Arab Republic,AS,2009,0.659
SYR,Syrian Arab Republic,AS,2010,0.66
SYR,Syrian Arab Republic,AS,2011,0.691
SYR,Syrian Arab Republic,AS,2012,0.65
SYR,Syrian Arab Republic,AS,2013,0.573
SYR,Syrian Arab Republic,AS,2014,0.553
SYR,Syrian Arab Republic,AS,2015,0.556
SYR,Syrian Arab Republic,AS,2016,0.56
SYR,Syrian Arab Republic,AS,2017,0.572
SYR,Syrian Arab Republic,AS,2018,0.58
SYR,Syrian Arab Republic,AS,2019,0.584
SYR,Syrian Arab Republic,AS,2020,0.577
SYR,Syrian Arab Republic,AS,2021,0.577
TCD,Chad,SSA,1990,
TCD,Chad,SSA,1991,
TCD,Chad,SSA,1992,
TCD,Chad,SSA,1993,
TCD,Chad,SSA,1994,
TCD,Chad,SSA,1995,
TCD,Chad,SSA,1996,
TCD,Chad,SSA,1997,
TCD,Chad,SSA,1998,
TCD,Chad,SSA,1999,
TCD,Chad,SSA,2000,0.291
TCD,Chad,SSA,2001,0.301
TCD,Chad,SSA,2002,0.307
TCD,Chad,SSA,2003,0.307
TCD,Chad,SSA,2004,0.325
TCD,Chad,SSA,2005,0.327
TCD,Chad,SSA,2006,0.327
TCD,Chad,SSA,2007,0.337
TCD,Chad,SSA,2008,0.341
TCD,Chad,SSA,2009,0.355
TCD,Chad,SSA,2010,0.362
TCD,Chad,SSA,2011,0.372
TCD,Chad,SSA,2012,0.381
TCD,Chad,SSA,2013,0.386
TCD,Chad,SSA,2014,0.393
TCD,Chad,SSA,2015,0.389
TCD,Chad,SSA,2016,0.391
TCD,Chad,SSA,2017,0.393
TCD,Chad,SSA,2018,0.398
TCD,Chad,SSA,2019,0.403
TCD,Chad,SSA,2020,0.397
TCD,Chad,SSA,2021,0.394
TGO,Togo,SSA,1990,0.41
TGO,Togo,SSA,1991,0.414
TGO,Togo,SSA,1992,0.406
TGO,Togo,SSA,1993,0.398
TGO,Togo,SSA,1994,0.404
TGO,Togo,SSA,1995,0.419
TGO,Togo,SSA,1996,0.429
TGO,Togo,SSA,1997,0.438
TGO,Togo,SSA,1998,0.439
TGO,Togo,SSA,1999,0.443
TGO,Togo,SSA,2000,0.446
TGO,Togo,SSA,2001,0.449
TGO,Togo,SSA,2002,0.454
TGO,Togo,SSA,2003,0.46
TGO,Togo,SSA,2004,0.459
TGO,Togo,SSA,2005,0.458
TGO,Togo,SSA,2006,0.464
TGO,Togo,SSA,2007,0.457
TGO,Togo,SSA,2008,0.464
TGO,Togo,SSA,2009,0.472
TGO,Togo,SSA,2010,0.477
TGO,Togo,SSA,2011,0.487
TGO,Togo,SSA,2012,0.491
TGO,Togo,SSA,2013,0.499
TGO,Togo,SSA,2014,0.505
TGO,Togo,SSA,2015,0.514
TGO,Togo,SSA,2016,0.518
TGO,Togo,SSA,2017,0.524
TGO,Togo,SSA,2018,0.528
TGO,Togo,SSA,2019,0.535
TGO,Togo,SSA,2020,0.535
TGO,Togo,SSA,2021,0.539
THA,Thailand,EAP,1990,0.576
THA,Thailand,EAP,1991,0.585
THA,Thailand,EAP,1992,0.595
THA,Thailand,EAP,1993,0.604
THA,Thailand,EAP,1994,0.613
THA,Thailand,EAP,1995,0.619
THA,Thailand,EAP,1996,0.628
THA,Thailand,EAP,1997,0.635
THA,Thailand,EAP,1998,0.64
THA,Thailand,EAP,1999,0.646
THA,Thailand,EAP,2000,0.653
THA,Thailand,EAP,2001,0.664
THA,Thailand,EAP,2002,0.676
THA,Thailand,EAP,2003,0.687
THA,Thailand,EAP,2004,0.697
THA,Thailand,EAP,2005,0.706
THA,Thailand,EAP,2006,0.712
THA,Thailand,EAP,2007,0.724
THA,Thailand,EAP,2008,0.727
THA,Thailand,EAP,2009,0.73
THA,Thailand,EAP,2010,0.737
THA,Thailand,EAP,2011,0.743
THA,Thailand,EAP,2012,0.746
THA,Thailand,EAP,2013,0.747
THA,Thailand,EAP,2014,0.778
THA,Thailand,EAP,2015,0.781
THA,Thailand,EAP,2016,0.785
THA,Thailand,EAP,2017,0.79
THA,Thailand,EAP,2018,0.795
THA,Thailand,EAP,2019,0.804
THA,Thailand,EAP,2020,0.802
THA,Thailand,EAP,2021,0.8
TJK,Tajikistan,ECA,1990,0.628
TJK,Tajikistan,ECA,1991,0.622
TJK,Tajikistan,ECA,1992,0.57
TJK,Tajikistan,ECA,1993,0.542
TJK,Tajikistan,ECA,1994,0.547
TJK,Tajikistan,ECA,1995,0.547
TJK,Tajikistan,ECA,1996,0.531
TJK,Tajikistan,ECA,1997,0.54
TJK,Tajikistan,ECA,1998,0.547
TJK,Tajikistan,ECA,1999,0.553
TJK,Tajikistan,ECA,2000,0.56
TJK,Tajikistan,ECA,2001,0.569
TJK,Tajikistan,ECA,2002,0.579
TJK,Tajikistan,ECA,2003,0.594
TJK,Tajikistan,ECA,2004,0.606
TJK,Tajikistan,ECA,2005,0.612
TJK,Tajikistan,ECA,2006,0.622
TJK,Tajikistan,ECA,2007,0.625
TJK,Tajikistan,ECA,2008,0.639
TJK,Tajikistan,ECA,2009,0.633
TJK,Tajikistan,ECA,2010,0.636
TJK,Tajikistan,ECA,2011,0.635
TJK,Tajikistan,ECA,2012,0.643
TJK,Tajikistan,ECA,2013,0.656
TJK,Tajikistan,ECA,2014,0.656
TJK,Tajikistan,ECA,2015,0.657
TJK,Tajikistan,ECA,2016,0.66
TJK,Tajikistan,ECA,2017,0.665
TJK,Tajikistan,ECA,2018,0.671
TJK,Tajikistan,ECA,2019,0.676
TJK,Tajikistan,ECA,2020,0.664
TJK,Tajikistan,ECA,2021,0.685
TKM,Turkmenistan,ECA,1990,
TKM,Turkmenistan,ECA,1991,
TKM,Turkmenistan,ECA,1992,
TKM,Turkmenistan,ECA,1993,
TKM,Turkmenistan,ECA,1994,
TKM,Turkmenistan,ECA,1995,
TKM,Turkmenistan,ECA,1996,
TKM,Turkmenistan,ECA,1997,
TKM,Turkmenistan,ECA,1998,
TKM,Turkmenistan,ECA,1999,
TKM,Turkmenistan,ECA,2000,
TKM,Turkmenistan,ECA,2001,
TKM,Turkmenistan,ECA,2002,
TKM,Turkmenistan,ECA,2003,
TKM,Turkmenistan,ECA,2004,
TKM,Turkmenistan,ECA,2005,0.66
TKM,Turkmenistan,ECA,2006,0.67
TKM,Turkmenistan,ECA,2007,0.682
TKM,Turkmenistan,ECA,2008,0.693
TKM,Turkmenistan,ECA,2009,0.701
TKM,Turkmenistan,ECA,2010,0.711
TKM,Turkmenistan,ECA,2011,0.72
TKM,Turkmenistan,ECA,2012,0.727
TKM,Turkmenistan,ECA,2013,0.73
TKM,Turkmenistan,ECA,2014,0.734
TKM,Turkmenistan,ECA,2015,0.74
TKM,Turkmenistan,ECA,2016,0.742
TKM,Turkmenistan,ECA,2017,0.741
TKM,Turkmenistan,ECA,2018,0.746
TKM,Turkmenistan,ECA,2019,0.742
TKM,Turkmenistan,ECA,2020,0.741
TKM,Turkmenistan,ECA,2021,0.745
TLS,Timor-Leste,EAP,1990,
TLS,Timor-Leste,EAP,1991,
TLS,Timor-Leste,EAP,1992,
TLS,Timor-Leste,EAP,1993,
TLS,Timor-Leste,EAP,1994,
TLS,Timor-Leste,EAP,1995,
TLS,Timor-Leste,EAP,1996,
TLS,Timor-Leste,EAP,1997,
TLS,Timor-Leste,EAP,1998,
TLS,Timor-Leste,EAP,1999,
TLS,Timor-Leste,EAP,2000,
TLS,Timor-Leste,EAP,2001,
TLS,Timor-Leste,EAP,2002,0.508
TLS,Timor-Leste,EAP,2003,0.508
TLS,Timor-Leste,EAP,2004,0.521
TLS,Timor-Leste,EAP,2005,0.538
TLS,Timor-Leste,EAP,2006,0.563
TLS,Timor-Leste,EAP,2007,0.585
TLS,Timor-Leste,EAP,2008,0.611
TLS,Timor-Leste,EAP,2009,0.609
TLS,Timor-Leste,EAP,2010,0.619
TLS,Timor-Leste,EAP,2011,0.638
TLS,Timor-Leste,EAP,2012,0.635
TLS,Timor-Leste,EAP,2013,0.63
TLS,Timor-Leste,EAP,2014,0.622
TLS,Timor-Leste,EAP,2015,0.614
TLS,Timor-Leste,EAP,2016,0.604
TLS,Timor-Leste,EAP,2017,0.606
TLS,Timor-Leste,EAP,2018,0.605
TLS,Timor-Leste,EAP,2019,0.614
TLS,Timor-Leste,EAP,2020,0.614
TLS,Timor-Leste,EAP,2021,0.607
TON,Tonga,EAP,1990,0.645
TON,Tonga,EAP,1991,0.652
TON,Tonga,EAP,1992,0.656
TON,Tonga,EAP,1993,0.663
TON,Tonga,EAP,1994,0.672
TON,Tonga,EAP,1995,0.676
TON,Tonga,EAP,1996,0.678
TON,Tonga,EAP,1997,0.68
TON,Tonga,EAP,1998,0.685
TON,Tonga,EAP,1999,0.688
TON,Tonga,EAP,2000,0.685
TON,Tonga,EAP,2001,0.688
TON,Tonga,EAP,2002,0.694
TON,Tonga,EAP,2003,0.701
TON,Tonga,EAP,2004,0.702
TON,Tonga,EAP,2005,0.702
TON,Tonga,EAP,2006,0.703
TON,Tonga,EAP,2007,0.704
TON,Tonga,EAP,2008,0.709
TON,Tonga,EAP,2009,0.708
TON,Tonga,EAP,2010,0.713
TON,Tonga,EAP,2011,0.72
TON,Tonga,EAP,2012,0.723
TON,Tonga,EAP,2013,0.725
TON,Tonga,EAP,2014,0.727
TON,Tonga,EAP,2015,0.73
TON,Tonga,EAP,2016,0.735
TON,Tonga,EAP,2017,0.74
TON,Tonga,EAP,2018,0.742
TON,Tonga,EAP,2019,0.744
TON,Tonga,EAP,2020,0.745
TON,Tonga,EAP,2021,0.745
TTO,Trinidad and Tobago,LAC,1990,0.66
TTO,Trinidad and Tobago,LAC,1991,0.665
TTO,Trinidad and Tobago,LAC,1992,0.663
TTO,Trinidad and Tobago,LAC,1993,0.667
TTO,Trinidad and Tobago,LAC,1994,0.67
TTO,Trinidad and Tobago,LAC,1995,0.678
TTO,Trinidad and Tobago,LAC,1996,0.684
TTO,Trinidad and Tobago,LAC,1997,0.69
TTO,Trinidad and Tobago,LAC,1998,0.7
TTO,Trinidad and Tobago,LAC,1999,0.703
TTO,Trinidad and Tobago,LAC,2000,0.712
TTO,Trinidad and Tobago,LAC,2001,0.721
TTO,Trinidad and Tobago,LAC,2002,0.732
TTO,Trinidad and Tobago,LAC,2003,0.737
TTO,Trinidad and Tobago,LAC,2004,0.752
TTO,Trinidad and Tobago,LAC,2005,0.758
TTO,Trinidad and Tobago,LAC,2006,0.767
TTO,Trinidad and Tobago,LAC,2007,0.773
TTO,Trinidad and Tobago,LAC,2008,0.777
TTO,Trinidad and Tobago,LAC,2009,0.787
TTO,Trinidad and Tobago,LAC,2010,0.79
TTO,Trinidad and Tobago,LAC,2011,0.794
TTO,Trinidad and Tobago,LAC,2012,0.8
TTO,Trinidad and Tobago,LAC,2013,0.806
TTO,Trinidad and Tobago,LAC,2014,0.809
TTO,Trinidad and Tobago,LAC,2015,0.816
TTO,Trinidad and Tobago,LAC,2016,0.815
TTO,Trinidad and Tobago,LAC,2017,0.817
TTO,Trinidad and Tobago,LAC,2018,0.815
TTO,Trinidad and Tobago,LAC,2019,0.821
TTO,Trinidad and Tobago,LAC,2020,0.818
TTO,Trinidad and Tobago,LAC,2021,0.81
TUN,Tunisia,AS,1990,0.576
TUN,Tunisia,AS,1991,0.581
TUN,Tunisia,AS,1992,0.588
TUN,Tunisia,AS,1993,0.594
TUN,Tunisia,AS,1994,0.604
TUN,Tunisia,AS,1995,0.611
TUN,Tunisia,AS,1996,0.62
TUN,Tunisia,AS,1997,0.627
TUN,Tunisia,AS,1998,0.639
TUN,Tunisia,AS,1999,0.65
TUN,Tunisia,AS,2000,0.658
TUN,Tunisia,AS,2001,0.665
TUN,Tunisia,AS,2002,0.67
TUN,Tunisia,AS,2003,0.677
TUN,Tunisia,AS,2004,0.687
TUN,Tunisia,AS,2005,0.694
TUN,Tunisia,AS,2006,0.7
TUN,Tunisia,AS,2007,0.706
TUN,Tunisia,AS,2008,0.711
TUN,Tunisia,AS,2009,0.715
TUN,Tunisia,AS,2010,0.72
TUN,Tunisia,AS,2011,0.722
TUN,Tunisia,AS,2012,0.724
TUN,Tunisia,AS,2013,0.727
TUN,Tunisia,AS,2014,0.73
TUN,Tunisia,AS,2015,0.733
TUN,Tunisia,AS,2016,0.737
TUN,Tunisia,AS,2017,0.74
TUN,Tunisia,AS,2018,0.743
TUN,Tunisia,AS,2019,0.745
TUN,Tunisia,AS,2020,0.737
TUN,Tunisia,AS,2021,0.731
TUR,Turkey,ECA,1990,0.6
TUR,Turkey,ECA,1991,0.604
TUR,Turkey,ECA,1992,0.61
TUR,Turkey,ECA,1993,0.617
TUR,Turkey,ECA,1994,0.618
TUR,Turkey,ECA,1995,0.625
TUR,Turkey,ECA,1996,0.633
TUR,Turkey,ECA,1997,0.641
TUR,Turkey,ECA,1998,0.652
TUR,Turkey,ECA,1999,0.655
TUR,Turkey,ECA,2000,0.67
TUR,Turkey,ECA,2001,0.674
TUR,Turkey,ECA,2002,0.684
TUR,Turkey,ECA,2003,0.69
TUR,Turkey,ECA,2004,0.695
TUR,Turkey,ECA,2005,0.7
TUR,Turkey,ECA,2006,0.71
TUR,Turkey,ECA,2007,0.717
TUR,Turkey,ECA,2008,0.721
TUR,Turkey,ECA,2009,0.728
TUR,Turkey,ECA,2010,0.749
TUR,Turkey,ECA,2011,0.762
TUR,Turkey,ECA,2012,0.769
TUR,Turkey,ECA,2013,0.799
TUR,Turkey,ECA,2014,0.809
TUR,Turkey,ECA,2015,0.817
TUR,Turkey,ECA,2016,0.823
TUR,Turkey,ECA,2017,0.833
TUR,Turkey,ECA,2018,0.839
TUR,Turkey,ECA,2019,0.842
TUR,Turkey,ECA,2020,0.833
TUR,Turkey,ECA,2021,0.838
TUV,Tuvalu,EAP,1990,0.559
TUV,Tuvalu,EAP,1991,0.562
TUV,Tuvalu,EAP,1992,0.558
TUV,Tuvalu,EAP,1993,0.57
TUV,Tuvalu,EAP,1994,0.577
TUV,Tuvalu,EAP,1995,0.575
TUV,Tuvalu,EAP,1996,0.573
TUV,Tuvalu,EAP,1997,0.579
TUV,Tuvalu,EAP,1998,0.589
TUV,Tuvalu,EAP,1999,0.592
TUV,Tuvalu,EAP,2000,0.597
TUV,Tuvalu,EAP,2001,0.61
TUV,Tuvalu,EAP,2002,0.62
TUV,Tuvalu,EAP,2003,0.605
TUV,Tuvalu,EAP,2004,0.61
TUV,Tuvalu,EAP,2005,0.61
TUV,Tuvalu,EAP,2006,0.611
TUV,Tuvalu,EAP,2007,0.613
TUV,Tuvalu,EAP,2008,0.618
TUV,Tuvalu,EAP,2009,0.615
TUV,Tuvalu,EAP,2010,0.616
TUV,Tuvalu,EAP,2011,0.616
TUV,Tuvalu,EAP,2012,0.624
TUV,Tuvalu,EAP,2013,0.628
TUV,Tuvalu,EAP,2014,0.627
TUV,Tuvalu,EAP,2015,0.643
TUV,Tuvalu,EAP,2016,0.636
TUV,Tuvalu,EAP,2017,0.634
TUV,Tuvalu,EAP,2018,0.642
TUV,Tuvalu,EAP,2019,0.635
TUV,Tuvalu,EAP,2020,0.639
TUV,Tuvalu,EAP,2021,0.641
TZA,Tanzania (United Republic of),SSA,1990,0.371
TZA,Tanzania (United Republic of),SSA,1991,0.371
TZA,Tanzania (United Republic of),SSA,1992,0.369
TZA,Tanzania (United Republic of),SSA,1993,0.369
TZA,Tanzania (United Republic of),SSA,1994,0.369
TZA,Tanzania (United Republic of),SSA,1995,0.37
TZA,Tanzania (United Republic of),SSA,1996,0.372
TZA,Tanzania (United Republic of),SSA,1997,0.373
TZA,Tanzania (United Republic of),SSA,1998,0.38
TZA,Tanzania (United Republic of),SSA,1999,0.39
TZA,Tanzania (United Republic of),SSA,2000,0.398
TZA,Tanzania (United Republic of),SSA,2001,0.406
TZA,Tanzania (United Republic of),SSA,2002,0.416
TZA,Tanzania (United Republic of),SSA,2003,0.426
TZA,Tanzania (United Republic of),SSA,2004,0.436
TZA,Tanzania (United Republic of),SSA,2005,0.446
TZA,Tanzania (United Republic of),SSA,2006,0.456
TZA,Tanzania (United Republic of),SSA,2007,0.465
TZA,Tanzania (United Republic of),SSA,2008,0.473
TZA,Tanzania (United Republic of),SSA,2009,0.482
TZA,Tanzania (United Republic of),SSA,2010,0.493
TZA,Tanzania (United Republic of),SSA,2011,0.499
TZA,Tanzania (United Republic of),SSA,2012,0.504
TZA,Tanzania (United Republic of),SSA,2013,0.51
TZA,Tanzania (United Republic of),SSA,2014,0.515
TZA,Tanzania (United Republic of),SSA,2015,0.52
TZA,Tanzania (United Republic of),SSA,2016,0.524
TZA,Tanzania (United Republic of),SSA,2017,0.528
TZA,Tanzania (United Republic of),SSA,2018,0.538
TZA,Tanzania (United Republic of),SSA,2019,0.548
TZA,Tanzania (United Republic of),SSA,2020,0.548
TZA,Tanzania (United Republic of),SSA,2021,0.549
UGA,Uganda,SSA,1990,0.329
UGA,Uganda,SSA,1991,0.331
UGA,Uganda,SSA,1992,0.325
UGA,Uganda,SSA,1993,0.332
UGA,Uganda,SSA,1994,0.336
UGA,Uganda,SSA,1995,0.342
UGA,Uganda,SSA,1996,0.354
UGA,Uganda,SSA,1997,0.364
UGA,Uganda,SSA,1998,0.373
UGA,Uganda,SSA,1999,0.385
UGA,Uganda,SSA,2000,0.394
UGA,Uganda,SSA,2001,0.404
UGA,Uganda,SSA,2002,0.417
UGA,Uganda,SSA,2003,0.429
UGA,Uganda,SSA,2004,0.444
UGA,Uganda,SSA,2005,0.454
UGA,Uganda,SSA,2006,0.466
UGA,Uganda,SSA,2007,0.476
UGA,Uganda,SSA,2008,0.484
UGA,Uganda,SSA,2009,0.494
UGA,Uganda,SSA,2010,0.502
UGA,Uganda,SSA,2011,0.506
UGA,Uganda,SSA,2012,0.504
UGA,Uganda,SSA,2013,0.509
UGA,Uganda,SSA,2014,0.512
UGA,Uganda,SSA,2015,0.517
UGA,Uganda,SSA,2016,0.519
UGA,Uganda,SSA,2017,0.52
UGA,Uganda,SSA,2018,0.522
UGA,Uganda,SSA,2019,0.525
UGA,Uganda,SSA,2020,0.524
UGA,Uganda,SSA,2021,0.525
UKR,Ukraine,ECA,1990,0.729
UKR,Ukraine,ECA,1991,0.723
UKR,Ukraine,ECA,1992,0.715
UKR,Ukraine,ECA,1993,0.703
UKR,Ukraine,ECA,1994,0.689
UKR,Ukraine,ECA,1995,0.684
UKR,Ukraine,ECA,1996,0.685
UKR,Ukraine,ECA,1997,0.689
UKR,Ukraine,ECA,1998,0.696
UKR,Ukraine,ECA,1999,0.698
UKR,Ukraine,ECA,2000,0.7
UKR,Ukraine,ECA,2001,0.715
UKR,Ukraine,ECA,2002,0.722
UKR,Ukraine,ECA,2003,0.732
UKR,Ukraine,ECA,2004,0.74
UKR,Ukraine,ECA,2005,0.743
UKR,Ukraine,ECA,2006,0.751
UKR,Ukraine,ECA,2007,0.757
UKR,Ukraine,ECA,2008,0.761
UKR,Ukraine,ECA,2009,0.758
UKR,Ukraine,ECA,2010,0.764
UKR,Ukraine,ECA,2011,0.769
UKR,Ukraine,ECA,2012,0.773
UKR,Ukraine,ECA,2013,0.773
UKR,Ukraine,ECA,2014,0.773
UKR,Ukraine,ECA,2015,0.774
UKR,Ukraine,ECA,2016,0.779
UKR,Ukraine,ECA,2017,0.782
UKR,Ukraine,ECA,2018,0.783
UKR,Ukraine,ECA,2019,0.786
UKR,Ukraine,ECA,2020,0.775
UKR,Ukraine,ECA,2021,0.773
URY,Uruguay,LAC,1990,0.701
URY,Uruguay,LAC,1991,0.705
URY,Uruguay,LAC,1992,0.708
URY,Uruguay,LAC,1993,0.711
URY,Uruguay,LAC,1994,0.716
URY,Uruguay,LAC,1995,0.717
URY,Uruguay,LAC,1996,0.723
URY,Uruguay,LAC,1997,0.735
URY,Uruguay,LAC,1998,0.744
URY,Uruguay,LAC,1999,0.747
URY,Uruguay,LAC,2000,0.753
URY,Uruguay,LAC,2001,0.76
URY,Uruguay,LAC,2002,0.764
URY,Uruguay,LAC,2003,0.77
URY,Uruguay,LAC,2004,0.77
URY,Uruguay,LAC,2005,0.768
URY,Uruguay,LAC,2006,0.768
URY,Uruguay,LAC,2007,0.771
URY,Uruguay,LAC,2008,0.774
URY,Uruguay,LAC,2009,0.78
URY,Uruguay,LAC,2010,0.787
URY,Uruguay,LAC,2011,0.794
URY,Uruguay,LAC,2012,0.798
URY,Uruguay,LAC,2013,0.805
URY,Uruguay,LAC,2014,0.808
URY,Uruguay,LAC,2015,0.811
URY,Uruguay,LAC,2016,0.815
URY,Uruguay,LAC,2017,0.819
URY,Uruguay,LAC,2018,0.819
URY,Uruguay,LAC,2019,0.821
URY,Uruguay,LAC,2020,0.821
URY,Uruguay,LAC,2021,0.809
USA,United States,,1990,0.872
USA,United States,,1991,0.873
USA,United States,,1992,0.878
USA,United States,,1993,0.88
USA,United States,,1994,0.884
USA,United States,,1995,0.885
USA,United States,,1996,0.887
USA,United States,,1997,0.89
USA,United States,,1998,0.893
USA,United States,,1999,0.889
USA,United States,,2000,0.891
USA,United States,,2001,0.892
USA,United States,,2002,0.893
USA,United States,,2003,0.895
USA,United States,,2004,0.898
USA,United States,,2005,0.9
USA,United States,,2006,0.904
USA,United States,,2007,0.906
USA,United States,,2008,0.906
USA,United States,,2009,0.908
USA,United States,,2010,0.911
USA,United States,,2011,0.913
USA,United States,,2012,0.916
USA,United States,,2013,0.917
USA,United States,,2014,0.919
USA,United States,,2015,0.92
USA,United States,,2016,0.922
USA,United States,,2017,0.924
USA,United States,,2018,0.927
USA,United States,,2019,0.93
USA,United States,,2020,0.92
USA,United States,,2021,0.921
UZB,Uzbekistan,ECA,1990,
UZB,Uzbekistan,ECA,1991,
UZB,Uzbekistan,ECA,1992,
UZB,Uzbekistan,ECA,1993,
UZB,Uzbekistan,ECA,1994,
UZB,Uzbekistan,ECA,1995,
UZB,Uzbekistan,ECA,1996,
UZB,Uzbekistan,ECA,1997,
UZB,Uzbekistan,ECA,1998,
UZB,Uzbekistan,ECA,1999,
UZB,Uzbekistan,ECA,2000,0.607
UZB,Uzbekistan,ECA,2001,0.614
UZB,Uzbekistan,ECA,2002,0.621
UZB,Uzbekistan,ECA,2003,0.627
UZB,Uzbekistan,ECA,2004,0.634
UZB,Uzbekistan,ECA,2005,0.639
UZB,Uzbekistan,ECA,2006,0.644
UZB,Uzbekistan,ECA,2007,0.656
UZB,Uzbekistan,ECA,2008,0.659
UZB,Uzbekistan,ECA,2009,0.665
UZB,Uzbekistan,ECA,2010,0.673
UZB,Uzbekistan,ECA,2011,0.68
UZB,Uzbekistan,ECA,2012,0.687
UZB,Uzbekistan,ECA,2013,0.693
UZB,Uzbekistan,ECA,2014,0.698
UZB,Uzbekistan,ECA,2015,0.701
UZB,Uzbekistan,ECA,2016,0.709
UZB,Uzbekistan,ECA,2017,0.715
UZB,Uzbekistan,ECA,2018,0.72
UZB,Uzbekistan,ECA,2019,0.726
UZB,Uzbekistan,ECA,2020,0.721
UZB,Uzbekistan,ECA,2021,0.727
VCT,Saint Vincent and the Grenadines,LAC,1990,
VCT,Saint Vincent and the Grenadines,LAC,1991,
VCT,Saint Vincent and the Grenadines,LAC,1992,
VCT,Saint Vincent and the Grenadines,LAC,1993,
VCT,Saint Vincent and the Grenadines,LAC,1994,
VCT,Saint Vincent and the Grenadines,LAC,1995,
VCT,Saint Vincent and the Grenadines,LAC,1996,
VCT,Saint Vincent and the Grenadines,LAC,1997,
VCT,Saint Vincent and the Grenadines,LAC,1998,
VCT,Saint Vincent and the Grenadines,LAC,1999,
VCT,Saint Vincent and the Grenadines,LAC,2000,0.683
VCT,Saint Vincent and the Grenadines,LAC,2001,0.689
VCT,Saint Vincent and the Grenadines,LAC,2002,0.695
VCT,Saint Vincent and the Grenadines,LAC,2003,0.702
VCT,Saint Vincent and the Grenadines,LAC,2004,0.708
VCT,Saint Vincent and the Grenadines,LAC,2005,0.713
VCT,Saint Vincent and the Grenadines,LAC,2006,0.722
VCT,Saint Vincent and the Grenadines,LAC,2007,0.73
VCT,Saint Vincent and the Grenadines,LAC,2008,0.734
VCT,Saint Vincent and the Grenadines,LAC,2009,0.736
VCT,Saint Vincent and the Grenadines,LAC,2010,0.734
VCT,Saint Vincent and the Grenadines,LAC,2011,0.736
VCT,Saint Vincent and the Grenadines,LAC,2012,0.737
VCT,Saint Vincent and the Grenadines,LAC,2013,0.743
VCT,Saint Vincent and the Grenadines,LAC,2014,0.752
VCT,Saint Vincent and the Grenadines,LAC,2015,0.759
VCT,Saint Vincent and the Grenadines,LAC,2016,0.765
VCT,Saint Vincent and the Grenadines,LAC,2017,0.774
VCT,Saint Vincent and the Grenadines,LAC,2018,0.775
VCT,Saint Vincent and the Grenadines,LAC,2019,0.769
VCT,Saint Vincent and the Grenadines,LAC,2020,0.764
VCT,Saint Vincent and the Grenadines,LAC,2021,0.751
VEN,Venezuela (Bolivarian Republic of),LAC,1990,0.659
VEN,Venezuela (Bolivarian Republic of),LAC,1991,0.669
VEN,Venezuela (Bolivarian Republic of),LAC,1992,0.675
VEN,Venezuela (Bolivarian Republic of),LAC,1993,0.676
VEN,Venezuela (Bolivarian Republic of),LAC,1994,0.675
VEN,Venezuela (Bolivarian Republic of),LAC,1995,0.679
VEN,Venezuela (Bolivarian Republic of),LAC,1996,0.679
VEN,Venezuela (Bolivarian Republic of),LAC,1997,0.685
VEN,Venezuela (Bolivarian Republic of),LAC,1998,0.686
VEN,Venezuela (Bolivarian Republic of),LAC,1999,0.682
VEN,Venezuela (Bolivarian Republic of),LAC,2000,0.684
VEN,Venezuela (Bolivarian Republic of),LAC,2001,0.689
VEN,Venezuela (Bolivarian Republic of),LAC,2002,0.699
VEN,Venezuela (Bolivarian Republic of),LAC,2003,0.693
VEN,Venezuela (Bolivarian Republic of),LAC,2004,0.707
VEN,Venezuela (Bolivarian Republic of),LAC,2005,0.721
VEN,Venezuela (Bolivarian Republic of),LAC,2006,0.732
VEN,Venezuela (Bolivarian Republic of),LAC,2007,0.749
VEN,Venezuela (Bolivarian Republic of),LAC,2008,0.756
VEN,Venezuela (Bolivarian Republic of),LAC,2009,0.756
VEN,Venezuela (Bolivarian Republic of),LAC,2010,0.755
VEN,Venezuela (Bolivarian Republic of),LAC,2011,0.762
VEN,Venezuela (Bolivarian Republic of),LAC,2012,0.767
VEN,Venezuela (Bolivarian Republic of),LAC,2013,0.774
VEN,Venezuela (Bolivarian Republic of),LAC,2014,0.77
VEN,Venezuela (Bolivarian Republic of),LAC,2015,0.767
VEN,Venezuela (Bolivarian Republic of),LAC,2016,0.757
VEN,Venezuela (Bolivarian Republic of),LAC,2017,0.744
VEN,Venezuela (Bolivarian Republic of),LAC,2018,0.738
VEN,Venezuela (Bolivarian Republic of),LAC,2019,0.721
VEN,Venezuela (Bolivarian Republic of),LAC,2020,0.695
VEN,Venezuela (Bolivarian Republic of),LAC,2021,0.691
VNM,Viet Nam,EAP,1990,0.482
VNM,Viet Nam,EAP,1991,0.493
VNM,Viet Nam,EAP,1992,0.504
VNM,Viet Nam,EAP,1993,0.515
VNM,Viet Nam,EAP,1994,0.526
VNM,Viet Nam,EAP,1995,0.539
VNM,Viet Nam,EAP,1996,0.55
VNM,Viet Nam,EAP,1997,0.56
VNM,Viet Nam,EAP,1998,0.569
VNM,Viet Nam,EAP,1999,0.578
VNM,Viet Nam,EAP,2000,0.588
VNM,Viet Nam,EAP,2001,0.598
VNM,Viet Nam,EAP,2002,0.608
VNM,Viet Nam,EAP,2003,0.617
VNM,Viet Nam,EAP,2004,0.625
VNM,Viet Nam,EAP,2005,0.633
VNM,Viet Nam,EAP,2006,0.641
VNM,Viet Nam,EAP,2007,0.648
VNM,Viet Nam,EAP,2008,0.653
VNM,Viet Nam,EAP,2009,0.658
VNM,Viet Nam,EAP,2010,0.663
VNM,Viet Nam,EAP,2011,0.668
VNM,Viet Nam,EAP,2012,0.672
VNM,Viet Nam,EAP,2013,0.676
VNM,Viet Nam,EAP,2014,0.68
VNM,Viet Nam,EAP,2015,0.684
VNM,Viet Nam,EAP,2016,0.688
VNM,Viet Nam,EAP,2017,0.692
VNM,Viet Nam,EAP,2018,0.697
VNM,Viet Nam,EAP,2019,0.703
VNM,Viet Nam,EAP,2020,0.71
VNM,Viet Nam,EAP,2021,0.703
VUT,Vanuatu,EAP,1990,
VUT,Vanuatu,EAP,1991,
VUT,Vanuatu,EAP,1992,
VUT,Vanuatu,EAP,1993,
VUT,Vanuatu,EAP,1994,
VUT,Vanuatu,EAP,1995,
VUT,Vanuatu,EAP,1996,
VUT,Vanuatu,EAP,1997,
VUT,Vanuatu,EAP,1998,
VUT,Vanuatu,EAP,1999,
VUT,Vanuatu,EAP,2000,
VUT,Vanuatu,EAP,2001,
VUT,Vanuatu,EAP,2002,
VUT,Vanuatu,EAP,2003,
VUT,Vanuatu,EAP,2004,
VUT,Vanuatu,EAP,2005,0.578
VUT,Vanuatu,EAP,2006,0.584
VUT,Vanuatu,EAP,2007,0.585
VUT,Vanuatu,EAP,2008,0.591
VUT,Vanuatu,EAP,2009,0.591
VUT,Vanuatu,EAP,2010,0.591
VUT,Vanuatu,EAP,2011,0.593
VUT,Vanuatu,EAP,2012,0.59
VUT,Vanuatu,EAP,2013,0.593
VUT,Vanuatu,EAP,2014,0.595
VUT,Vanuatu,EAP,2015,0.595
VUT,Vanuatu,EAP,2016,0.596
VUT,Vanuatu,EAP,2017,0.599
VUT,Vanuatu,EAP,2018,0.603
VUT,Vanuatu,EAP,2019,0.611
VUT,Vanuatu,EAP,2020,0.608
VUT,Vanuatu,EAP,2021,0.607
WSM,Samoa,EAP,1990,
WSM,Samoa,EAP,1991,
WSM,Samoa,EAP,1992,
WSM,Samoa,EAP,1993,
WSM,Samoa,EAP,1994,
WSM,Samoa,EAP,1995,0.659
WSM,Samoa,EAP,1996,0.668
WSM,Samoa,EAP,1997,0.67
WSM,Samoa,EAP,1998,0.674
WSM,Samoa,EAP,1999,0.678
WSM,Samoa,EAP,2000,0.683
WSM,Samoa,EAP,2001,0.69
WSM,Samoa,EAP,2002,0.689
WSM,Samoa,EAP,2003,0.694
WSM,Samoa,EAP,2004,0.698
WSM,Samoa,EAP,2005,0.701
WSM,Samoa,EAP,2006,0.703
WSM,Samoa,EAP,2007,0.708
WSM,Samoa,EAP,2008,0.709
WSM,Samoa,EAP,2009,0.7
WSM,Samoa,EAP,2010,0.713
WSM,Samoa,EAP,2011,0.713
WSM,Samoa,EAP,2012,0.709
WSM,Samoa,EAP,2013,0.71
WSM,Samoa,EAP,2014,0.711
WSM,Samoa,EAP,2015,0.716
WSM,Samoa,EAP,2016,0.717
WSM,Samoa,EAP,2017,0.716
WSM,Samoa,EAP,2018,0.716
WSM,Samoa,EAP,2019,0.715
WSM,Samoa,EAP,2020,0.712
WSM,Samoa,EAP,2021,0.707
YEM,Yemen,AS,1990,0.383
YEM,Yemen,AS,1991,0.386
YEM,Yemen,AS,1992,0.391
YEM,Yemen,AS,1993,0.397
YEM,Yemen,AS,1994,0.399
YEM,Yemen,AS,1995,0.409
YEM,Yemen,AS,1996,0.419
YEM,Yemen,AS,1997,0.427
YEM,Yemen,AS,1998,0.435
YEM,Yemen,AS,1999,0.441
YEM,Yemen,AS,2000,0.45
YEM,Yemen,AS,2001,0.46
YEM,Yemen,AS,2002,0.468
YEM,Yemen,AS,2003,0.476
YEM,Yemen,AS,2004,0.483
YEM,Yemen,AS,2005,0.489
YEM,Yemen,AS,2006,0.494
YEM,Yemen,AS,2007,0.498
YEM,Yemen,AS,2008,0.501
YEM,Yemen,AS,2009,0.506
YEM,Yemen,AS,2010,0.51
YEM,Yemen,AS,2011,0.509
YEM,Yemen,AS,2012,0.512
YEM,Yemen,AS,2013,0.513
YEM,Yemen,AS,2014,0.505
YEM,Yemen,AS,2015,0.477
YEM,Yemen,AS,2016,0.467
YEM,Yemen,AS,2017,0.459
YEM,Yemen,AS,2018,0.459
YEM,Yemen,AS,2019,0.461
YEM,Yemen,AS,2020,0.46
YEM,Yemen,AS,2021,0.455
ZAF,South Africa,SSA,1990,0.632
ZAF,South Africa,SSA,1991,0.641
ZAF,South Africa,SSA,1992,0.647
ZAF,South Africa,SSA,1993,0.652
ZAF,South Africa,SSA,1994,0.658
ZAF,South Africa,SSA,1995,0.661
ZAF,South Africa,SSA,1996,0.656
ZAF,South Africa,SSA,1997,0.651
ZAF,South Africa,SSA,1998,0.644
ZAF,South Africa,SSA,1999,0.638
ZAF,South Africa,SSA,2000,0.633
ZAF,South Africa,SSA,2001,0.629
ZAF,South Africa,SSA,2002,0.633
ZAF,South Africa,SSA,2003,0.629
ZAF,South Africa,SSA,2004,0.63
ZAF,South Africa,SSA,2005,0.632
ZAF,South Africa,SSA,2006,0.637
ZAF,South Africa,SSA,2007,0.644
ZAF,South Africa,SSA,2008,0.653
ZAF,South Africa,SSA,2009,0.665
ZAF,South Africa,SSA,2010,0.675
ZAF,South Africa,SSA,2011,0.686
ZAF,South Africa,SSA,2012,0.696
ZAF,South Africa,SSA,2013,0.704
ZAF,South Africa,SSA,2014,0.712
ZAF,South Africa,SSA,2015,0.716
ZAF,South Africa,SSA,2016,0.719
ZAF,South Africa,SSA,2017,0.72
ZAF,South Africa,SSA,2018,0.726
ZAF,South Africa,SSA,2019,0.736
ZAF,South Africa,SSA,2020,0.727
ZAF,South Africa,SSA,2021,0.713
ZMB,Zambia,SSA,1990,0.412
ZMB,Zambia,SSA,1991,0.408
ZMB,Zambia,SSA,1992,0.408
ZMB,Zambia,SSA,1993,0.414
ZMB,Zambia,SSA,1994,0.411
ZMB,Zambia,SSA,1995,0.413
ZMB,Zambia,SSA,1996,0.414
ZMB,Zambia,SSA,1997,0.413
ZMB,Zambia,SSA,1998,0.411
ZMB,Zambia,SSA,1999,0.413
ZMB,Zambia,SSA,2000,0.418
ZMB,Zambia,SSA,2001,0.425
ZMB,Zambia,SSA,2002,0.434
ZMB,Zambia,SSA,2003,0.448
ZMB,Zambia,SSA,2004,0.459
ZMB,Zambia,SSA,2005,0.472
ZMB,Zambia,SSA,2006,0.484
ZMB,Zambia,SSA,2007,0.495
ZMB,Zambia,SSA,2008,0.506
ZMB,Zambia,SSA,2009,0.519
ZMB,Zambia,SSA,2010,0.529
ZMB,Zambia,SSA,2011,0.534
ZMB,Zambia,SSA,2012,0.548
ZMB,Zambia,SSA,2013,0.554
ZMB,Zambia,SSA,2014,0.557
ZMB,Zambia,SSA,2015,0.562
ZMB,Zambia,SSA,2016,0.564
ZMB,Zambia,SSA,2017,0.568
ZMB,Zambia,SSA,2018,0.572
ZMB,Zambia,SSA,2019,0.575
ZMB,Zambia,SSA,2020,0.57
ZMB,Zambia,SSA,2021,0.565
ZWE,Zimbabwe,SSA,1990,0.509
ZWE,Zimbabwe,SSA,1991,0.512
ZWE,Zimbabwe,SSA,1992,0.498
ZWE,Zimbabwe,SSA,1993,0.491
ZWE,Zimbabwe,SSA,1994,0.486
ZWE,Zimbabwe,SSA,1995,0.477
ZWE,Zimbabwe,SSA,1996,0.476
ZWE,Zimbabwe,SSA,1997,0.472
ZWE,Zimbabwe,SSA,1998,0.466
ZWE,Zimbabwe,SSA,1999,0.457
ZWE,Zimbabwe,SSA,2000,0.452
ZWE,Zimbabwe,SSA,2001,0.441
ZWE,Zimbabwe,SSA,2002,0.452
ZWE,Zimbabwe,SSA,2003,0.439
ZWE,Zimbabwe,SSA,2004,0.446
ZWE,Zimbabwe,SSA,2005,0.448
ZWE,Zimbabwe,SSA,2006,0.452
ZWE,Zimbabwe,SSA,2007,0.454
ZWE,Zimbabwe,SSA,2008,0.454
ZWE,Zimbabwe,SSA,2009,0.486
ZWE,Zimbabwe,SSA,2010,0.512
ZWE,Zimbabwe,SSA,2011,0.535
ZWE,Zimbabwe,SSA,2012,0.557
ZWE,Zimbabwe,SSA,2013,0.567
ZWE,Zimbabwe,SSA,2014,0.576
ZWE,Zimbabwe,SSA,2015,0.582
ZWE,Zimbabwe,SSA,2016,0.588
ZWE,Zimbabwe,SSA,2017,0.594
ZWE,Zimbabwe,SSA,2018,0.602
ZWE,Zimbabwe,SSA,2019,0.601
ZWE,Zimbabwe,SSA,2020,0.6
ZWE,Zimbabwe,SSA,2021,0.593
ZZA.VHHD,Very high human development,,1990,0.784
ZZA.VHHD,Very high human development,,1991,0.787
ZZA.VHHD,Very high human development,,1992,0.79
ZZA.VHHD,Very high human development,,1993,0.792
ZZA.VHHD,Very high human development,,1994,0.796
ZZA.VHHD,Very high human development,,1995,0.8
ZZA.VHHD,Very high human development,,1996,0.806
ZZA.VHHD,Very high human development,,1997,0.812
ZZA.VHHD,Very high human development,,1998,0.817
ZZA.VHHD,Very high human development,,1999,0.819
ZZA.VHHD,Very high human development,,2000,0.826
ZZA.VHHD,Very high human development,,2001,0.831
ZZA.VHHD,Very high human development,,2002,0.835
ZZA.VHHD,Very high human development,,2003,0.839
ZZA.VHHD,Very high human development,,2004,0.845
ZZA.VHHD,Very high human development,,2005,0.849
ZZA.VHHD,Very high human development,,2006,0.854
ZZA.VHHD,Very high human development,,2007,0.858
ZZA.VHHD,Very high human development,,2008,0.861
ZZA.VHHD,Very high human development,,2009,0.862
ZZA.VHHD,Very high human development,,2010,0.868
ZZA.VHHD,Very high human development,,2011,0.872
ZZA.VHHD,Very high human development,,2012,0.875
ZZA.VHHD,Very high human development,,2013,0.881
ZZA.VHHD,Very high human development,,2014,0.886
ZZA.VHHD,Very high human development,,2015,0.889
ZZA.VHHD,Very high human development,,2016,0.892
ZZA.VHHD,Very high human development,,2017,0.895
ZZA.VHHD,Very high human development,,2018,0.898
ZZA.VHHD,Very high human development,,2019,0.902
ZZA.VHHD,Very high human development,,2020,0.895
ZZA.VHHD,Very high human development,,2021,0.896
ZZB.HHD,High human development,,1990,0.557
ZZB.HHD,High human development,,1991,0.562
ZZB.HHD,High human development,,1992,0.569
ZZB.HHD,High human development,,1993,0.575
ZZB.HHD,High human development,,1994,0.581
ZZB.HHD,High human development,,1995,0.588
ZZB.HHD,High human development,,1996,0.596
ZZB.HHD,High human development,,1997,0.603
ZZB.HHD,High human development,,1998,0.61
ZZB.HHD,High human development,,1999,0.616
ZZB.HHD,High human development,,2000,0.625
ZZB.HHD,High human development,,2001,0.632
ZZB.HHD,High human development,,2002,0.64
ZZB.HHD,High human development,,2003,0.647
ZZB.HHD,High human development,,2004,0.654
ZZB.HHD,High human development,,2005,0.662
ZZB.HHD,High human development,,2006,0.671
ZZB.HHD,High human development,,2007,0.679
ZZB.HHD,High human development,,2008,0.686
ZZB.HHD,High human development,,2009,0.693
ZZB.HHD,High human development,,2010,0.7
ZZB.HHD,High human development,,2011,0.708
ZZB.HHD,High human development,,2012,0.715
ZZB.HHD,High human development,,2013,0.722
ZZB.HHD,High human development,,2014,0.728
ZZB.HHD,High human development,,2015,0.734
ZZB.HHD,High human development,,2016,0.739
ZZB.HHD,High human development,,2017,0.745
ZZB.HHD,High human development,,2018,0.751
ZZB.HHD,High human development,,2019,0.756
ZZB.HHD,High human development,,2020,0.753
ZZB.HHD,High human development,,2021,0.754
ZZC.MHD,Medium human development,,1990,0.453
ZZC.MHD,Medium human development,,1991,0.456
ZZC.MHD,Medium human development,,1992,0.461
ZZC.MHD,Medium human development,,1993,0.465
ZZC.MHD,Medium human development,,1994,0.47
ZZC.MHD,Medium human development,,1995,0.475
ZZC.MHD,Medium human development,,1996,0.482
ZZC.MHD,Medium human development,,1997,0.488
ZZC.MHD,Medium human development,,1998,0.495
ZZC.MHD,Medium human development,,1999,0.501
ZZC.MHD,Medium human development,,2000,0.506
ZZC.MHD,Medium human development,,2001,0.511
ZZC.MHD,Medium human development,,2002,0.517
ZZC.MHD,Medium human development,,2003,0.527
ZZC.MHD,Medium human development,,2004,0.536
ZZC.MHD,Medium human development,,2005,0.544
ZZC.MHD,Medium human development,,2006,0.552
ZZC.MHD,Medium human development,,2007,0.56
ZZC.MHD,Medium human development,,2008,0.567
ZZC.MHD,Medium human development,,2009,0.573
ZZC.MHD,Medium human development,,2010,0.582
ZZC.MHD,Medium human development,,2011,0.594
ZZC.MHD,Medium human development,,2012,0.602
ZZC.MHD,Medium human development,,2013,0.609
ZZC.MHD,Medium human development,,2014,0.618
ZZC.MHD,Medium human development,,2015,0.627
ZZC.MHD,Medium human development,,2016,0.636
ZZC.MHD,Medium human development,,2017,0.64
ZZC.MHD,Medium human development,,2018,0.643
ZZC.MHD,Medium human development,,2019,0.645
ZZC.MHD,Medium human development,,2020,0.642
ZZC.MHD,Medium human development,,2021,0.636
ZZD.LHD,Low human development,,1990,0.356
ZZD.LHD,Low human development,,1991,0.359
ZZD.LHD,Low human development,,1992,0.361
ZZD.LHD,Low human development,,1993,0.363
ZZD.LHD,Low human development,,1994,0.366
ZZD.LHD,Low human development,,1995,0.372
ZZD.LHD,Low human development,,1996,0.378
ZZD.LHD,Low human development,,1997,0.383
ZZD.LHD,Low human development,,1998,0.387
ZZD.LHD,Low human development,,1999,0.395
ZZD.LHD,Low human development,,2000,0.399
ZZD.LHD,Low human development,,2001,0.406
ZZD.LHD,Low human development,,2002,0.415
ZZD.LHD,Low human development,,2003,0.427
ZZD.LHD,Low human development,,2004,0.438
ZZD.LHD,Low human development,,2005,0.446
ZZD.LHD,Low human development,,2006,0.456
ZZD.LHD,Low human development,,2007,0.462
ZZD.LHD,Low human development,,2008,0.469
ZZD.LHD,Low human development,,2009,0.474
ZZD.LHD,Low human development,,2010,0.477
ZZD.LHD,Low human development,,2011,0.484
ZZD.LHD,Low human development,,2012,0.489
ZZD.LHD,Low human development,,2013,0.495
ZZD.LHD,Low human development,,2014,0.501
ZZD.LHD,Low human development,,2015,0.506
ZZD.LHD,Low human development,,2016,0.51
ZZD.LHD,Low human development,,2017,0.514
ZZD.LHD,Low human development,,2018,0.518
ZZD.LHD,Low human development,,2019,0.522
ZZD.LHD,Low human development,,2020,0.519
ZZD.LHD,Low human development,,2021,0.518
ZZE.AS,Arab States,,1990,0.555
ZZE.AS,Arab States,,1991,0.558
ZZE.AS,Arab States,,1992,0.565
ZZE.AS,Arab States,,1993,0.574
ZZE.AS,Arab States,,1994,0.582
ZZE.AS,Arab States,,1995,0.586
ZZE.AS,Arab States,,1996,0.593
ZZE.AS,Arab States,,1997,0.599
ZZE.AS,Arab States,,1998,0.603
ZZE.AS,Arab States,,1999,0.612
ZZE.AS,Arab States,,2000,0.618
ZZE.AS,Arab States,,2001,0.624
ZZE.AS,Arab States,,2002,0.628
ZZE.AS,Arab States,,2003,0.632
ZZE.AS,Arab States,,2004,0.639
ZZE.AS,Arab States,,2005,0.645
ZZE.AS,Arab States,,2006,0.651
ZZE.AS,Arab States,,2007,0.658
ZZE.AS,Arab States,,2008,0.666
ZZE.AS,Arab States,,2009,0.671
ZZE.AS,Arab States,,2010,0.676
ZZE.AS,Arab States,,2011,0.683
ZZE.AS,Arab States,,2012,0.688
ZZE.AS,Arab States,,2013,0.689
ZZE.AS,Arab States,,2014,0.692
ZZE.AS,Arab States,,2015,0.697
ZZE.AS,Arab States,,2016,0.701
ZZE.AS,Arab States,,2017,0.706
ZZE.AS,Arab States,,2018,0.711
ZZE.AS,Arab States,,2019,0.715
ZZE.AS,Arab States,,2020,0.708
ZZE.AS,Arab States,,2021,0.708
ZZF.EAP,East Asia and the Pacific,,1990,0.507
ZZF.EAP,East Asia and the Pacific,,1991,0.514
ZZF.EAP,East Asia and the Pacific,,1992,0.524
ZZF.EAP,East Asia and the Pacific,,1993,0.534
ZZF.EAP,East Asia and the Pacific,,1994,0.542
ZZF.EAP,East Asia and the Pacific,,1995,0.551
ZZF.EAP,East Asia and the Pacific,,1996,0.561
ZZF.EAP,East Asia and the Pacific,,1997,0.569
ZZF.EAP,East Asia and the Pacific,,1998,0.575
ZZF.EAP,East Asia and the Pacific,,1999,0.583
ZZF.EAP,East Asia and the Pacific,,2000,0.592
ZZF.EAP,East Asia and the Pacific,,2001,0.6
ZZF.EAP,East Asia and the Pacific,,2002,0.61
ZZF.EAP,East Asia and the Pacific,,2003,0.62
ZZF.EAP,East Asia and the Pacific,,2004,0.629
ZZF.EAP,East Asia and the Pacific,,2005,0.639
ZZF.EAP,East Asia and the Pacific,,2006,0.649
ZZF.EAP,East Asia and the Pacific,,2007,0.66
ZZF.EAP,East Asia and the Pacific,,2008,0.666
ZZF.EAP,East Asia and the Pacific,,2009,0.676
ZZF.EAP,East Asia and the Pacific,,2010,0.684
ZZF.EAP,East Asia and the Pacific,,2011,0.692
ZZF.EAP,East Asia and the Pacific,,2012,0.7
ZZF.EAP,East Asia and the Pacific,,2013,0.707
ZZF.EAP,East Asia and the Pacific,,2014,0.715
ZZF.EAP,East Asia and the Pacific,,2015,0.722
ZZF.EAP,East Asia and the Pacific,,2016,0.728
ZZF.EAP,East Asia and the Pacific,,2017,0.734
ZZF.EAP,East Asia and the Pacific,,2018,0.741
ZZF.EAP,East Asia and the Pacific,,2019,0.748
ZZF.EAP,East Asia and the Pacific,,2020,0.748
ZZF.EAP,East Asia and the Pacific,,2021,0.749
ZZG.ECA,Europe and Central Asia,,1990,0.664
ZZG.ECA,Europe and Central Asia,,1991,0.661
ZZG.ECA,Europe and Central Asia,,1992,0.654
ZZG.ECA,Europe and Central Asia,,1993,0.652
ZZG.ECA,Europe and Central Asia,,1994,0.647
ZZG.ECA,Europe and Central Asia,,1995,0.652
ZZG.ECA,Europe and Central Asia,,1996,0.656
ZZG.ECA,Europe and Central Asia,,1997,0.662
ZZG.ECA,Europe and Central Asia,,1998,0.669
ZZG.ECA,Europe and Central Asia,,1999,0.671
ZZG.ECA,Europe and Central Asia,,2000,0.681
ZZG.ECA,Europe and Central Asia,,2001,0.687
ZZG.ECA,Europe and Central Asia,,2002,0.695
ZZG.ECA,Europe and Central Asia,,2003,0.702
ZZG.ECA,Europe and Central Asia,,2004,0.709
ZZG.ECA,Europe and Central Asia,,2005,0.714
ZZG.ECA,Europe and Central Asia,,2006,0.723
ZZG.ECA,Europe and Central Asia,,2007,0.73
ZZG.ECA,Europe and Central Asia,,2008,0.733
ZZG.ECA,Europe and Central Asia,,2009,0.736
ZZG.ECA,Europe and Central Asia,,2010,0.746
ZZG.ECA,Europe and Central Asia,,2011,0.754
ZZG.ECA,Europe and Central Asia,,2012,0.76
ZZG.ECA,Europe and Central Asia,,2013,0.772
ZZG.ECA,Europe and Central Asia,,2014,0.778
ZZG.ECA,Europe and Central Asia,,2015,0.783
ZZG.ECA,Europe and Central Asia,,2016,0.788
ZZG.ECA,Europe and Central Asia,,2017,0.794
ZZG.ECA,Europe and Central Asia,,2018,0.798
ZZG.ECA,Europe and Central Asia,,2019,0.802
ZZG.ECA,Europe and Central Asia,,2020,0.793
ZZG.ECA,Europe and Central Asia,,2021,0.796
ZZH.LAC,Latin America and the Caribbean,,1990,0.633
ZZH.LAC,Latin America and the Caribbean,,1991,0.638
ZZH.LAC,Latin America and the Caribbean,,1992,0.643
ZZH.LAC,Latin America and the Caribbean,,1993,0.648
ZZH.LAC,Latin America and the Caribbean,,1994,0.654
ZZH.LAC,Latin America and the Caribbean,,1995,0.658
ZZH.LAC,Latin America and the Caribbean,,1996,0.665
ZZH.LAC,Latin America and the Caribbean,,1997,0.672
ZZH.LAC,Latin America and the Caribbean,,1998,0.677
ZZH.LAC,Latin America and the Caribbean,,1999,0.683
ZZH.LAC,Latin America and the Caribbean,,2000,0.689
ZZH.LAC,Latin America and the Caribbean,,2001,0.693
ZZH.LAC,Latin America and the Caribbean,,2002,0.698
ZZH.LAC,Latin America and the Caribbean,,2003,0.699
ZZH.LAC,Latin America and the Caribbean,,2004,0.705
ZZH.LAC,Latin America and the Caribbean,,2005,0.71
ZZH.LAC,Latin America and the Caribbean,,2006,0.716
ZZH.LAC,Latin America and the Caribbean,,2007,0.721
ZZH.LAC,Latin America and the Caribbean,,2008,0.728
ZZH.LAC,Latin America and the Caribbean,,2009,0.73
ZZH.LAC,Latin America and the Caribbean,,2010,0.733
ZZH.LAC,Latin America and the Caribbean,,2011,0.74
ZZH.LAC,Latin America and the Caribbean,,2012,0.744
ZZH.LAC,Latin America and the Caribbean,,2013,0.753
ZZH.LAC,Latin America and the Caribbean,,2014,0.756
ZZH.LAC,Latin America and the Caribbean,,2015,0.758
ZZH.LAC,Latin America and the Caribbean,,2016,0.761
ZZH.LAC,Latin America and the Caribbean,,2017,0.763
ZZH.LAC,Latin America and the Caribbean,,2018,0.766
ZZH.LAC,Latin America and the Caribbean,,2019,0.768
ZZH.LAC,Latin America and the Caribbean,,2020,0.755
ZZH.LAC,Latin America and the Caribbean,,2021,0.754
ZZI.SA,South Asia,,1990,0.442
ZZI.SA,South Asia,,1991,0.447
ZZI.SA,South Asia,,1992,0.453
ZZI.SA,South Asia,,1993,0.457
ZZI.SA,South Asia,,1994,0.462
ZZI.SA,South Asia,,1995,0.467
ZZI.SA,South Asia,,1996,0.474
ZZI.SA,South Asia,,1997,0.48
ZZI.SA,South Asia,,1998,0.486
ZZI.SA,South Asia,,1999,0.494
ZZI.SA,South Asia,,2000,0.5
ZZI.SA,South Asia,,2001,0.504
ZZI.SA,South Asia,,2002,0.511
ZZI.SA,South Asia,,2003,0.522
ZZI.SA,South Asia,,2004,0.531
ZZI.SA,South Asia,,2005,0.539
ZZI.SA,South Asia,,2006,0.548
ZZI.SA,South Asia,,2007,0.556
ZZI.SA,South Asia,,2008,0.561
ZZI.SA,South Asia,,2009,0.567
ZZI.SA,South Asia,,2010,0.576
ZZI.SA,South Asia,,2011,0.587
ZZI.SA,South Asia,,2012,0.596
ZZI.SA,South Asia,,2013,0.603
ZZI.SA,South Asia,,2014,0.614
ZZI.SA,South Asia,,2015,0.623
ZZI.SA,South Asia,,2016,0.633
ZZI.SA,South Asia,,2017,0.638
ZZI.SA,South Asia,,2018,0.64
ZZI.SA,South Asia,,2019,0.641
ZZI.SA,South Asia,,2020,0.638
ZZI.SA,South Asia,,2021,0.632
ZZJ.SSA,Sub-Saharan Africa,,1990,0.407
ZZJ.SSA,Sub-Saharan Africa,,1991,0.41
ZZJ.SSA,Sub-Saharan Africa,,1992,0.41
ZZJ.SSA,Sub-Saharan Africa,,1993,0.411
ZZJ.SSA,Sub-Saharan Africa,,1994,0.413
ZZJ.SSA,Sub-Saharan Africa,,1995,0.42
ZZJ.SSA,Sub-Saharan Africa,,1996,0.423
ZZJ.SSA,Sub-Saharan Africa,,1997,0.427
ZZJ.SSA,Sub-Saharan Africa,,1998,0.428
ZZJ.SSA,Sub-Saharan Africa,,1999,0.431
ZZJ.SSA,Sub-Saharan Africa,,2000,0.43
ZZJ.SSA,Sub-Saharan Africa,,2001,0.435
ZZJ.SSA,Sub-Saharan Africa,,2002,0.443
ZZJ.SSA,Sub-Saharan Africa,,2003,0.451
ZZJ.SSA,Sub-Saharan Africa,,2004,0.46
ZZJ.SSA,Sub-Saharan Africa,,2005,0.468
ZZJ.SSA,Sub-Saharan Africa,,2006,0.477
ZZJ.SSA,Sub-Saharan Africa,,2007,0.484
ZZJ.SSA,Sub-Saharan Africa,,2008,0.492
ZZJ.SSA,Sub-Saharan Africa,,2009,0.498
ZZJ.SSA,Sub-Saharan Africa,,2010,0.503
ZZJ.SSA,Sub-Saharan Africa,,2011,0.51
ZZJ.SSA,Sub-Saharan Africa,,2012,0.516
ZZJ.SSA,Sub-Saharan Africa,,2013,0.523
ZZJ.SSA,Sub-Saharan Africa,,2014,0.529
ZZJ.SSA,Sub-Saharan Africa,,2015,0.534
ZZJ.SSA,Sub-Saharan Africa,,2016,0.539
ZZJ.SSA,Sub-Saharan Africa,,2017,0.542
ZZJ.SSA,Sub-Saharan Africa,,2018,0.547
ZZJ.SSA,Sub-Saharan Africa,,2019,0.552
ZZJ.SSA,Sub-Saharan Africa,,2020,0.549
ZZJ.SSA,Sub-Saharan Africa,,2021,0.547
ZZK.WORLD,World,,1990,0.601
ZZK.WORLD,World,,1991,0.604
ZZK.WORLD,World,,1992,0.607
ZZK.WORLD,World,,1993,0.61
ZZK.WORLD,World,,1994,0.614
ZZK.WORLD,World,,1995,0.619
ZZK.WORLD,World,,1996,0.624
ZZK.WORLD,World,,1997,0.629
ZZK.WORLD,World,,1998,0.634
ZZK.WORLD,World,,1999,0.639
ZZK.WORLD,World,,2000,0.645
ZZK.WORLD,World,,2001,0.65
ZZK.WORLD,World,,2002,0.655
ZZK.WORLD,World,,2003,0.66
ZZK.WORLD,World,,2004,0.666
ZZK.WORLD,World,,2005,0.672
ZZK.WORLD,World,,2006,0.679
ZZK.WORLD,World,,2007,0.684
ZZK.WORLD,World,,2008,0.688
ZZK.WORLD,World,,2009,0.692
ZZK.WORLD,World,,2010,0.697
ZZK.WORLD,World,,2011,0.704
ZZK.WORLD,World,,2012,0.709
ZZK.WORLD,World,,2013,0.714
ZZK.WORLD,World,,2014,0.72
ZZK.WORLD,World,,2015,0.724
ZZK.WORLD,World,,2016,0.729
ZZK.WORLD,World,,2017,0.733
ZZK.WORLD,World,,2018,0.736
ZZK.WORLD,World,,2019,0.739
ZZK.WORLD,World,,2020,0.735
ZZK.WORLD,World,,2021,0.732
